provider,job_id,n,observable,ideal,expectation_value,std,absolute_error,observable_type
IBM default,d8qvms6gbcrc73f3v89g,20,XXXXXXXXXXXXXXXXXXXX,1.0,0.0840753174719019,0.0162252411971853,0.915924682528098,Global X
IBM default,d8qvms6gbcrc73f3v89g,20,Z0Z1,1.0,0.9761992847453448,0.0029874139440666,0.0238007152546553,Neighbor ZZ
IBM default,d8qvms6gbcrc73f3v89g,20,Z1Z2,1.0,0.9675897181174716,0.0044850469846241,0.0324102818825282,Neighbor ZZ
IBM default,d8qvms6gbcrc73f3v89g,20,Z2Z3,1.0,0.9795204795204796,0.0049428770919846,0.0204795204795205,Neighbor ZZ
IBM default,d8qvms6gbcrc73f3v89g,20,Z3Z4,1.0,0.9714820592823712,0.0048941637903125,0.0285179407176286,Neighbor ZZ
IBM default,d8qvms6gbcrc73f3v89g,20,Z4Z5,1.0,0.9804213135068154,0.0033069443947807,0.0195786864931846,Neighbor ZZ
IBM default,d8qvms6gbcrc73f3v89g,20,Z5Z6,1.0,0.9621976118294872,0.0046213094557767,0.0378023881705128,Neighbor ZZ
IBM default,d8qvms6gbcrc73f3v89g,20,Z6Z7,1.0,0.9750527491622192,0.0036978252026403,0.0249472508377808,Neighbor ZZ
IBM default,d8qvms6gbcrc73f3v89g,20,Z7Z8,1.0,0.9583927574874436,0.0043574365891008,0.0416072425125565,Neighbor ZZ
IBM default,d8qvms6gbcrc73f3v89g,20,Z8Z9,1.0,0.9727369143427538,0.0047324780833156,0.0272630856572462,Neighbor ZZ
IBM default,d8qvms6gbcrc73f3v89g,20,Z9Z10,1.0,0.9606790662838596,0.0052998425451705,0.0393209337161403,Neighbor ZZ
IBM default,d8qvms6gbcrc73f3v89g,20,Z10Z11,1.0,0.9808123598305508,0.0043715585253728,0.0191876401694492,Neighbor ZZ
IBM default,d8qvms6gbcrc73f3v89g,20,Z11Z12,1.0,0.9731280004987842,0.0051839929147583,0.0268719995012157,Neighbor ZZ
IBM default,d8qvms6gbcrc73f3v89g,20,Z12Z13,1.0,0.9782568295855788,0.0037234538579255,0.021743170414421,Neighbor ZZ
IBM default,d8qvms6gbcrc73f3v89g,20,Z13Z14,1.0,0.9292250233426704,0.005916018912307,0.0707749766573295,Neighbor ZZ
IBM default,d8qvms6gbcrc73f3v89g,20,Z14Z15,1.0,0.9440715883668904,0.0062341008543749,0.0559284116331095,Neighbor ZZ
IBM default,d8qvms6gbcrc73f3v89g,20,Z15Z16,1.0,0.9614456340120056,0.0056902447112544,0.0385543659879943,Neighbor ZZ
IBM default,d8qvms6gbcrc73f3v89g,20,Z16Z17,1.0,0.9706321553011448,0.0062254671706221,0.0293678446988551,Neighbor ZZ
IBM default,d8qvms6gbcrc73f3v89g,20,Z17Z18,1.0,0.9652941908197537,0.005583341142699,0.0347058091802463,Neighbor ZZ
IBM default,d8qvms6gbcrc73f3v89g,20,Z18Z19,1.0,0.9709946470807918,0.0048409524492425,0.0290053529192082,Neighbor ZZ
Q-CTRL,e58d4f4a-0560-4438-ad2c-407532b445fa,20,XXXXXXXXXXXXXXXXXXXX,1.0,0.652,0.758218965734833,0.348,Global X
Q-CTRL,e58d4f4a-0560-4438-ad2c-407532b445fa,20,Z0Z1,1.0,0.9716,0.2366293303882677,0.0283999999999999,Neighbor ZZ
Q-CTRL,e58d4f4a-0560-4438-ad2c-407532b445fa,20,Z1Z2,1.0,0.9386,0.3450073042705039,0.0614,Neighbor ZZ
Q-CTRL,e58d4f4a-0560-4438-ad2c-407532b445fa,20,Z2Z3,1.0,0.9622,0.2723438268072179,0.0377999999999999,Neighbor ZZ
Q-CTRL,e58d4f4a-0560-4438-ad2c-407532b445fa,20,Z3Z4,1.0,0.9598,0.280684805431288,0.0402,Neighbor ZZ
Q-CTRL,e58d4f4a-0560-4438-ad2c-407532b445fa,20,Z4Z5,1.0,0.9726,0.2324849242424119,0.0273999999999999,Neighbor ZZ
Q-CTRL,e58d4f4a-0560-4438-ad2c-407532b445fa,20,Z5Z6,1.0,0.965,0.2622498808388672,0.035,Neighbor ZZ
Q-CTRL,e58d4f4a-0560-4438-ad2c-407532b445fa,20,Z6Z7,1.0,0.9684,0.2494021651870727,0.0315999999999999,Neighbor ZZ
Q-CTRL,e58d4f4a-0560-4438-ad2c-407532b445fa,20,Z7Z8,1.0,0.9608,0.2772424209964991,0.0392,Neighbor ZZ
Q-CTRL,e58d4f4a-0560-4438-ad2c-407532b445fa,20,Z8Z9,1.0,0.9656,0.2600319980310115,0.0343999999999999,Neighbor ZZ
Q-CTRL,e58d4f4a-0560-4438-ad2c-407532b445fa,20,Z9Z10,1.0,0.954,0.2998066043301916,0.046,Neighbor ZZ
Q-CTRL,e58d4f4a-0560-4438-ad2c-407532b445fa,20,Z10Z11,1.0,0.952,0.306098023515344,0.048,Neighbor ZZ
Q-CTRL,e58d4f4a-0560-4438-ad2c-407532b445fa,20,Z11Z12,1.0,0.9206,0.3905069013474666,0.0794,Neighbor ZZ
Q-CTRL,e58d4f4a-0560-4438-ad2c-407532b445fa,20,Z12Z13,1.0,0.966,0.2585420662097369,0.034,Neighbor ZZ
Q-CTRL,e58d4f4a-0560-4438-ad2c-407532b445fa,20,Z13Z14,1.0,0.9742,0.2256864196180179,0.0258,Neighbor ZZ
Q-CTRL,e58d4f4a-0560-4438-ad2c-407532b445fa,20,Z14Z15,1.0,0.9742,0.2256864196180179,0.0258,Neighbor ZZ
Q-CTRL,e58d4f4a-0560-4438-ad2c-407532b445fa,20,Z15Z16,1.0,0.9712,0.2382657340030247,0.0288,Neighbor ZZ
Q-CTRL,e58d4f4a-0560-4438-ad2c-407532b445fa,20,Z16Z17,1.0,0.9578,0.2874354884143571,0.0422,Neighbor ZZ
Q-CTRL,e58d4f4a-0560-4438-ad2c-407532b445fa,20,Z17Z18,1.0,0.9646,0.2637173486898425,0.0353999999999999,Neighbor ZZ
Q-CTRL,e58d4f4a-0560-4438-ad2c-407532b445fa,20,Z18Z19,1.0,0.991,0.1338618691039387,0.009,Neighbor ZZ
QESEM,df40092a-7e1c-41ab-9a52-db53914c9c70,20,XXXXXXXXXXXXXXXXXXXX,1.0,0.8678389271236773,0.0822084797035729,0.1321610728763227,Global X
QESEM,df40092a-7e1c-41ab-9a52-db53914c9c70,20,Z0Z1,1.0,1.0211605719067174,0.0013716365583762,0.0211605719067173,Neighbor ZZ
QESEM,df40092a-7e1c-41ab-9a52-db53914c9c70,20,Z1Z2,1.0,1.012560640787562,0.0098035397459744,0.012560640787562,Neighbor ZZ
QESEM,df40092a-7e1c-41ab-9a52-db53914c9c70,20,Z2Z3,1.0,1.0122249673264283,0.0118975594562952,0.0122249673264283,Neighbor ZZ
QESEM,df40092a-7e1c-41ab-9a52-db53914c9c70,20,Z3Z4,1.0,1.000715488550099,0.0135873839713207,0.000715488550099,Neighbor ZZ
QESEM,df40092a-7e1c-41ab-9a52-db53914c9c70,20,Z4Z5,1.0,0.9931604309338684,0.0181517199674722,0.0068395690661315,Neighbor ZZ
QESEM,df40092a-7e1c-41ab-9a52-db53914c9c70,20,Z5Z6,1.0,0.9792696306183032,0.0204912948028188,0.0207303693816967,Neighbor ZZ
QESEM,df40092a-7e1c-41ab-9a52-db53914c9c70,20,Z6Z7,1.0,0.9812147653723742,0.0206039231803419,0.0187852346276258,Neighbor ZZ
QESEM,df40092a-7e1c-41ab-9a52-db53914c9c70,20,Z7Z8,1.0,0.9985137398217347,0.022163336950158,0.0014862601782652,Neighbor ZZ
QESEM,df40092a-7e1c-41ab-9a52-db53914c9c70,20,Z8Z9,1.0,0.9911013124027848,0.0277554599319624,0.0088986875972152,Neighbor ZZ
QESEM,df40092a-7e1c-41ab-9a52-db53914c9c70,20,Z9Z10,1.0,0.9774289644777576,0.0219068468072477,0.0225710355222424,Neighbor ZZ
QESEM,df40092a-7e1c-41ab-9a52-db53914c9c70,20,Z10Z11,1.0,0.996961515820432,0.0135562811864424,0.003038484179568,Neighbor ZZ
QESEM,df40092a-7e1c-41ab-9a52-db53914c9c70,20,Z11Z12,1.0,1.001438027494717,0.0136708206994351,0.0014380274947169,Neighbor ZZ
QESEM,df40092a-7e1c-41ab-9a52-db53914c9c70,20,Z12Z13,1.0,1.031655046467428,0.0122539605735784,0.0316550464674281,Neighbor ZZ
QESEM,df40092a-7e1c-41ab-9a52-db53914c9c70,20,Z13Z14,1.0,0.9858570238493028,0.0166861512287105,0.0141429761506972,Neighbor ZZ
QESEM,df40092a-7e1c-41ab-9a52-db53914c9c70,20,Z14Z15,1.0,1.009412923120093,0.027910395556321,0.009412923120093,Neighbor ZZ
QESEM,df40092a-7e1c-41ab-9a52-db53914c9c70,20,Z15Z16,1.0,1.013595681016357,0.0138099592722293,0.0135956810163571,Neighbor ZZ
QESEM,df40092a-7e1c-41ab-9a52-db53914c9c70,20,Z16Z17,1.0,0.9862513976459918,0.0206901689263421,0.0137486023540082,Neighbor ZZ
QESEM,df40092a-7e1c-41ab-9a52-db53914c9c70,20,Z17Z18,1.0,0.9879186479301618,0.0167672483006084,0.0120813520698381,Neighbor ZZ
QESEM,df40092a-7e1c-41ab-9a52-db53914c9c70,20,Z18Z19,1.0,1.012983602226573,0.0121569366763155,0.012983602226573,Neighbor ZZ
IBM default,d8r53deab0ds73dr8phg,40,XXXXXXXXXXXXXXXXXXXXXXXXXXXXXXXXXXXXXXXX,1.0,0.1644804167829565,0.019757014842246,0.8355195832170434,Global X
IBM default,d8r53deab0ds73dr8phg,40,Z0Z1,1.0,0.6838383838383838,0.0120450459182447,0.3161616161616162,Neighbor ZZ
IBM default,d8r53deab0ds73dr8phg,40,Z1Z2,1.0,0.9443960691628313,0.006276136314134,0.0556039308371687,Neighbor ZZ
IBM default,d8r53deab0ds73dr8phg,40,Z2Z3,1.0,0.9519666935934878,0.0070003106152207,0.0480333064065121,Neighbor ZZ
IBM default,d8r53deab0ds73dr8phg,40,Z3Z4,1.0,0.9513485611046588,0.0092326817586035,0.0486514388953412,Neighbor ZZ
IBM default,d8r53deab0ds73dr8phg,40,Z4Z5,1.0,0.9779269394604364,0.0073712692639267,0.0220730605395637,Neighbor ZZ
IBM default,d8r53deab0ds73dr8phg,40,Z5Z6,1.0,0.9387780783992952,0.006737002123649,0.0612219216007047,Neighbor ZZ
IBM default,d8r53deab0ds73dr8phg,40,Z6Z7,1.0,0.9531122159984896,0.0064702021149737,0.0468877840015105,Neighbor ZZ
IBM default,d8r53deab0ds73dr8phg,40,Z7Z8,1.0,0.946525060555245,0.004385257456803,0.053474939444755,Neighbor ZZ
IBM default,d8r53deab0ds73dr8phg,40,Z8Z9,1.0,0.9575155279503106,0.0042600386240292,0.0424844720496894,Neighbor ZZ
IBM default,d8r53deab0ds73dr8phg,40,Z9Z10,1.0,0.9558905639307648,0.0054056153015655,0.0441094360692351,Neighbor ZZ
IBM default,d8r53deab0ds73dr8phg,40,Z10Z11,1.0,0.9712444224095192,0.0041211831671438,0.0287555775904808,Neighbor ZZ
IBM default,d8r53deab0ds73dr8phg,40,Z11Z12,1.0,0.958054107719037,0.0065608965480207,0.041945892280963,Neighbor ZZ
IBM default,d8r53deab0ds73dr8phg,40,Z12Z13,1.0,0.9684577982795164,0.0046737385158395,0.0315422017204837,Neighbor ZZ
IBM default,d8r53deab0ds73dr8phg,40,Z13Z14,1.0,0.96436581111388,0.0054308415860634,0.0356341888861201,Neighbor ZZ
IBM default,d8r53deab0ds73dr8phg,40,Z14Z15,1.0,0.9542832330500588,0.0060050197380159,0.045716766949941,Neighbor ZZ
IBM default,d8r53deab0ds73dr8phg,40,Z15Z16,1.0,0.9498602050326188,0.0045148603848868,0.0501397949673811,Neighbor ZZ
IBM default,d8r53deab0ds73dr8phg,40,Z16Z17,1.0,0.968507360705634,0.0053256731588389,0.031492639294366,Neighbor ZZ
IBM default,d8r53deab0ds73dr8phg,40,Z17Z18,1.0,0.9508135865866484,0.0049015671019329,0.0491864134133515,Neighbor ZZ
IBM default,d8r53deab0ds73dr8phg,40,Z18Z19,1.0,0.9648092027954728,0.0047709546142787,0.0351907972045272,Neighbor ZZ
IBM default,d8r53deab0ds73dr8phg,40,Z19Z20,1.0,0.936546484837163,0.0066165716639522,0.063453515162837,Neighbor ZZ
IBM default,d8r53deab0ds73dr8phg,40,Z20Z21,1.0,0.94671592260973,0.0057894606940802,0.0532840773902698,Neighbor ZZ
IBM default,d8r53deab0ds73dr8phg,40,Z21Z22,1.0,0.9598205942814428,0.0054040794767768,0.0401794057185572,Neighbor ZZ
IBM default,d8r53deab0ds73dr8phg,40,Z22Z23,1.0,0.9620661824051656,0.0055294585406264,0.0379338175948344,Neighbor ZZ
IBM default,d8r53deab0ds73dr8phg,40,Z23Z24,1.0,0.980458263095461,0.0042577951921152,0.0195417369045389,Neighbor ZZ
IBM default,d8r53deab0ds73dr8phg,40,Z24Z25,1.0,0.9853591676531056,0.0038757463374855,0.0146408323468942,Neighbor ZZ
IBM default,d8r53deab0ds73dr8phg,40,Z25Z26,1.0,0.9652109548482606,0.0047328764007859,0.0347890451517394,Neighbor ZZ
IBM default,d8r53deab0ds73dr8phg,40,Z26Z27,1.0,0.9706118913568026,0.0039503682095934,0.0293881086431974,Neighbor ZZ
IBM default,d8r53deab0ds73dr8phg,40,Z27Z28,1.0,0.9755366949575636,0.0041521771561313,0.0244633050424363,Neighbor ZZ
IBM default,d8r53deab0ds73dr8phg,40,Z28Z29,1.0,0.977359673878959,0.0050662892916806,0.022640326121041,Neighbor ZZ
IBM default,d8r53deab0ds73dr8phg,40,Z29Z30,1.0,0.9705147426286856,0.0058780719166037,0.0294852573713143,Neighbor ZZ
IBM default,d8r53deab0ds73dr8phg,40,Z30Z31,1.0,0.9945219123505976,0.0024708335254932,0.0054780876494023,Neighbor ZZ
IBM default,d8r53deab0ds73dr8phg,40,Z31Z32,1.0,0.9689734502269476,0.0050696614496115,0.0310265497730523,Neighbor ZZ
IBM default,d8r53deab0ds73dr8phg,40,Z32Z33,1.0,0.9750527491622192,0.0044259819708477,0.0249472508377808,Neighbor ZZ
IBM default,d8r53deab0ds73dr8phg,40,Z33Z34,1.0,0.9733011212290156,0.0042929421754868,0.0266988787709843,Neighbor ZZ
IBM default,d8r53deab0ds73dr8phg,40,Z34Z35,1.0,0.9787444389520514,0.0047018537586281,0.0212555610479485,Neighbor ZZ
IBM default,d8r53deab0ds73dr8phg,40,Z35Z36,1.0,0.9666790536355754,0.0053918144053912,0.0333209463644246,Neighbor ZZ
IBM default,d8r53deab0ds73dr8phg,40,Z36Z37,1.0,0.9841941505911636,0.0038617512203359,0.0158058494088363,Neighbor ZZ
IBM default,d8r53deab0ds73dr8phg,40,Z37Z38,1.0,0.9894045479893426,0.0033333109791592,0.0105954520106573,Neighbor ZZ
IBM default,d8r53deab0ds73dr8phg,40,Z38Z39,1.0,0.99401271526449,0.0033318730891458,0.0059872847355101,Neighbor ZZ
Q-CTRL,2d258c03-4265-4ee9-b1a8-b974a14e047e,40,XXXXXXXXXXXXXXXXXXXXXXXXXXXXXXXXXXXXXXXX,1.0,0.3164,0.9486258693499772,0.6836,Global X
Q-CTRL,2d258c03-4265-4ee9-b1a8-b974a14e047e,40,Z0Z1,1.0,0.9076,0.4198359679684436,0.0924,Neighbor ZZ
Q-CTRL,2d258c03-4265-4ee9-b1a8-b974a14e047e,40,Z1Z2,1.0,0.8878,0.4602294645065653,0.1121999999999999,Neighbor ZZ
Q-CTRL,2d258c03-4265-4ee9-b1a8-b974a14e047e,40,Z2Z3,1.0,0.9442,0.3293726764623925,0.0557999999999999,Neighbor ZZ
Q-CTRL,2d258c03-4265-4ee9-b1a8-b974a14e047e,40,Z3Z4,1.0,0.938,0.3466352549871408,0.062,Neighbor ZZ
Q-CTRL,2d258c03-4265-4ee9-b1a8-b974a14e047e,40,Z4Z5,1.0,0.9556,0.2946669984915175,0.0443999999999999,Neighbor ZZ
Q-CTRL,2d258c03-4265-4ee9-b1a8-b974a14e047e,40,Z5Z6,1.0,0.9334,0.3588376234454798,0.0665999999999999,Neighbor ZZ
Q-CTRL,2d258c03-4265-4ee9-b1a8-b974a14e047e,40,Z6Z7,1.0,0.9516,0.3073392913377656,0.0484,Neighbor ZZ
Q-CTRL,2d258c03-4265-4ee9-b1a8-b974a14e047e,40,Z7Z8,1.0,0.946,0.3241666238217625,0.054,Neighbor ZZ
Q-CTRL,2d258c03-4265-4ee9-b1a8-b974a14e047e,40,Z8Z9,1.0,0.9568,0.2907469002414299,0.0432,Neighbor ZZ
Q-CTRL,2d258c03-4265-4ee9-b1a8-b974a14e047e,40,Z9Z10,1.0,0.9476,0.319459293181463,0.0524,Neighbor ZZ
Q-CTRL,2d258c03-4265-4ee9-b1a8-b974a14e047e,40,Z10Z11,1.0,0.9556,0.2946669984915175,0.0443999999999999,Neighbor ZZ
Q-CTRL,2d258c03-4265-4ee9-b1a8-b974a14e047e,40,Z11Z12,1.0,0.947,0.3212335598906193,0.053,Neighbor ZZ
Q-CTRL,2d258c03-4265-4ee9-b1a8-b974a14e047e,40,Z12Z13,1.0,0.9428,0.3333589056857489,0.0572,Neighbor ZZ
Q-CTRL,2d258c03-4265-4ee9-b1a8-b974a14e047e,40,Z13Z14,1.0,0.9344,0.3562255465291618,0.0655999999999999,Neighbor ZZ
Q-CTRL,2d258c03-4265-4ee9-b1a8-b974a14e047e,40,Z14Z15,1.0,0.9374,0.3482545620663137,0.0625999999999999,Neighbor ZZ
Q-CTRL,2d258c03-4265-4ee9-b1a8-b974a14e047e,40,Z15Z16,1.0,0.9002,0.43547670431379,0.0998,Neighbor ZZ
Q-CTRL,2d258c03-4265-4ee9-b1a8-b974a14e047e,40,Z16Z17,1.0,0.9276,0.3735749456267109,0.0724,Neighbor ZZ
Q-CTRL,2d258c03-4265-4ee9-b1a8-b974a14e047e,40,Z17Z18,1.0,0.959,0.2834060690952119,0.041,Neighbor ZZ
Q-CTRL,2d258c03-4265-4ee9-b1a8-b974a14e047e,40,Z18Z19,1.0,0.9684,0.2494021651870727,0.0315999999999999,Neighbor ZZ
Q-CTRL,2d258c03-4265-4ee9-b1a8-b974a14e047e,40,Z19Z20,1.0,0.9296,0.3685699933526874,0.0704,Neighbor ZZ
Q-CTRL,2d258c03-4265-4ee9-b1a8-b974a14e047e,40,Z20Z21,1.0,0.9206,0.3905069013474666,0.0794,Neighbor ZZ
Q-CTRL,2d258c03-4265-4ee9-b1a8-b974a14e047e,40,Z21Z22,1.0,0.959,0.2834060690952119,0.041,Neighbor ZZ
Q-CTRL,2d258c03-4265-4ee9-b1a8-b974a14e047e,40,Z22Z23,1.0,0.963,0.2695013914620852,0.037,Neighbor ZZ
Q-CTRL,2d258c03-4265-4ee9-b1a8-b974a14e047e,40,Z23Z24,1.0,0.957,0.2900879177077185,0.043,Neighbor ZZ
Q-CTRL,2d258c03-4265-4ee9-b1a8-b974a14e047e,40,Z24Z25,1.0,0.9758,0.2186649491802468,0.0242,Neighbor ZZ
Q-CTRL,2d258c03-4265-4ee9-b1a8-b974a14e047e,40,Z25Z26,1.0,0.9694,0.2454865373090751,0.0305999999999999,Neighbor ZZ
Q-CTRL,2d258c03-4265-4ee9-b1a8-b974a14e047e,40,Z26Z27,1.0,0.9346,0.3557004919872898,0.0654,Neighbor ZZ
Q-CTRL,2d258c03-4265-4ee9-b1a8-b974a14e047e,40,Z27Z28,1.0,0.9274,0.3740711696990292,0.0726,Neighbor ZZ
Q-CTRL,2d258c03-4265-4ee9-b1a8-b974a14e047e,40,Z28Z29,1.0,0.9646,0.2637173486898425,0.0353999999999999,Neighbor ZZ
Q-CTRL,2d258c03-4265-4ee9-b1a8-b974a14e047e,40,Z29Z30,1.0,0.9554,0.2953148150702905,0.0445999999999999,Neighbor ZZ
Q-CTRL,2d258c03-4265-4ee9-b1a8-b974a14e047e,40,Z30Z31,1.0,0.9586,0.2847561061680679,0.0413999999999999,Neighbor ZZ
Q-CTRL,2d258c03-4265-4ee9-b1a8-b974a14e047e,40,Z31Z32,1.0,0.9694,0.2454865373090751,0.0305999999999999,Neighbor ZZ
Q-CTRL,2d258c03-4265-4ee9-b1a8-b974a14e047e,40,Z32Z33,1.0,0.9732,0.2299603444074654,0.0268,Neighbor ZZ
Q-CTRL,2d258c03-4265-4ee9-b1a8-b974a14e047e,40,Z33Z34,1.0,0.9604,0.2786249091520711,0.0395999999999999,Neighbor ZZ
Q-CTRL,2d258c03-4265-4ee9-b1a8-b974a14e047e,40,Z34Z35,1.0,0.9688,0.2478438217910626,0.0312,Neighbor ZZ
Q-CTRL,2d258c03-4265-4ee9-b1a8-b974a14e047e,40,Z35Z36,1.0,0.9604,0.2786249091520711,0.0395999999999999,Neighbor ZZ
Q-CTRL,2d258c03-4265-4ee9-b1a8-b974a14e047e,40,Z36Z37,1.0,0.9736,0.2282609033540347,0.0263999999999999,Neighbor ZZ
Q-CTRL,2d258c03-4265-4ee9-b1a8-b974a14e047e,40,Z37Z38,1.0,0.9714,0.2374490261087627,0.0285999999999999,Neighbor ZZ
Q-CTRL,2d258c03-4265-4ee9-b1a8-b974a14e047e,40,Z38Z39,1.0,0.9872,0.1594871781680271,0.0128,Neighbor ZZ
QESEM,518b77c3-3b69-4c60-b390-9308f132a927,40,XXXXXXXXXXXXXXXXXXXXXXXXXXXXXXXXXXXXXXXX,1.0,1.1820420909729386,0.2496533416386982,0.1820420909729385,Global X
QESEM,518b77c3-3b69-4c60-b390-9308f132a927,40,Z0Z1,1.0,0.9917486756907716,0.0119306082686538,0.0082513243092282,Neighbor ZZ
QESEM,518b77c3-3b69-4c60-b390-9308f132a927,40,Z1Z2,1.0,1.0049580985939892,0.0119861760685249,0.0049580985939892,Neighbor ZZ
QESEM,518b77c3-3b69-4c60-b390-9308f132a927,40,Z2Z3,1.0,1.0048659471955006,0.0138575848446016,0.0048659471955005,Neighbor ZZ
QESEM,518b77c3-3b69-4c60-b390-9308f132a927,40,Z3Z4,1.0,1.002191621631178,0.0154645388476061,0.0021916216311779,Neighbor ZZ
QESEM,518b77c3-3b69-4c60-b390-9308f132a927,40,Z4Z5,1.0,1.0120365786597585,0.0119528526992142,0.0120365786597582,Neighbor ZZ
QESEM,518b77c3-3b69-4c60-b390-9308f132a927,40,Z5Z6,1.0,1.0068318800065286,0.0139081888233245,0.0068318800065285,Neighbor ZZ
QESEM,518b77c3-3b69-4c60-b390-9308f132a927,40,Z6Z7,1.0,1.0073492802872497,0.0137557146138917,0.0073492802872494,Neighbor ZZ
QESEM,518b77c3-3b69-4c60-b390-9308f132a927,40,Z7Z8,1.0,1.0241524443222023,0.0157787885557664,0.0241524443222025,Neighbor ZZ
QESEM,518b77c3-3b69-4c60-b390-9308f132a927,40,Z8Z9,1.0,1.0092423378837692,0.0198804954208389,0.0092423378837691,Neighbor ZZ
QESEM,518b77c3-3b69-4c60-b390-9308f132a927,40,Z9Z10,1.0,1.0280357341633188,0.0243987740663901,0.0280357341633188,Neighbor ZZ
QESEM,518b77c3-3b69-4c60-b390-9308f132a927,40,Z10Z11,1.0,0.96933100585205,0.0312342720685734,0.0306689941479498,Neighbor ZZ
QESEM,518b77c3-3b69-4c60-b390-9308f132a927,40,Z11Z12,1.0,0.9853692944653274,0.0180155195426337,0.0146307055346726,Neighbor ZZ
QESEM,518b77c3-3b69-4c60-b390-9308f132a927,40,Z12Z13,1.0,1.0319851663042026,0.0098818435795877,0.0319851663042025,Neighbor ZZ
QESEM,518b77c3-3b69-4c60-b390-9308f132a927,40,Z13Z14,1.0,0.963569123790058,0.0311694706848867,0.0364308762099421,Neighbor ZZ
QESEM,518b77c3-3b69-4c60-b390-9308f132a927,40,Z14Z15,1.0,1.0063472809627314,0.0337659329061596,0.0063472809627314,Neighbor ZZ
QESEM,518b77c3-3b69-4c60-b390-9308f132a927,40,Z15Z16,1.0,1.0074664345240107,0.0198380238963567,0.0074664345240107,Neighbor ZZ
QESEM,518b77c3-3b69-4c60-b390-9308f132a927,40,Z16Z17,1.0,1.0305120007577742,0.0188786982265645,0.0305120007577741,Neighbor ZZ
QESEM,518b77c3-3b69-4c60-b390-9308f132a927,40,Z17Z18,1.0,0.9986064846485126,0.0209735593493772,0.0013935153514873,Neighbor ZZ
QESEM,518b77c3-3b69-4c60-b390-9308f132a927,40,Z18Z19,1.0,0.9779221891582028,0.0253248995543003,0.0220778108417971,Neighbor ZZ
QESEM,518b77c3-3b69-4c60-b390-9308f132a927,40,Z19Z20,1.0,1.0155292199177632,0.023853909644406,0.0155292199177632,Neighbor ZZ
QESEM,518b77c3-3b69-4c60-b390-9308f132a927,40,Z20Z21,1.0,1.026522356956698,0.0099018479001582,0.0265223569566979,Neighbor ZZ
QESEM,518b77c3-3b69-4c60-b390-9308f132a927,40,Z21Z22,1.0,0.9987426381368292,0.0169023675079442,0.0012573618631707,Neighbor ZZ
QESEM,518b77c3-3b69-4c60-b390-9308f132a927,40,Z22Z23,1.0,1.0122298508118994,0.0137592919426184,0.0122298508118994,Neighbor ZZ
QESEM,518b77c3-3b69-4c60-b390-9308f132a927,40,Z23Z24,1.0,1.0033264294122084,0.0235180363448082,0.0033264294122083,Neighbor ZZ
QESEM,518b77c3-3b69-4c60-b390-9308f132a927,40,Z24Z25,1.0,1.0333896741209423,0.0264489821401279,0.0333896741209425,Neighbor ZZ
QESEM,518b77c3-3b69-4c60-b390-9308f132a927,40,Z25Z26,1.0,1.0358579100910603,0.033002989679196,0.0358579100910603,Neighbor ZZ
QESEM,518b77c3-3b69-4c60-b390-9308f132a927,40,Z26Z27,1.0,1.018314966507539,0.029836658273543,0.018314966507539,Neighbor ZZ
QESEM,518b77c3-3b69-4c60-b390-9308f132a927,40,Z27Z28,1.0,0.9953148761826192,0.021028094870416,0.0046851238173808,Neighbor ZZ
QESEM,518b77c3-3b69-4c60-b390-9308f132a927,40,Z28Z29,1.0,1.0444728270434251,0.0070381651131478,0.0444728270434251,Neighbor ZZ
QESEM,518b77c3-3b69-4c60-b390-9308f132a927,40,Z29Z30,1.0,0.9810014200908168,0.0217594568632429,0.0189985799091833,Neighbor ZZ
QESEM,518b77c3-3b69-4c60-b390-9308f132a927,40,Z30Z31,1.0,0.967087893501658,0.024598434138001,0.032912106498342,Neighbor ZZ
QESEM,518b77c3-3b69-4c60-b390-9308f132a927,40,Z31Z32,1.0,1.0541766999457234,0.0223755656891094,0.0541766999457233,Neighbor ZZ
QESEM,518b77c3-3b69-4c60-b390-9308f132a927,40,Z32Z33,1.0,1.001145348135381,0.0300695036173955,0.0011453481353809,Neighbor ZZ
QESEM,518b77c3-3b69-4c60-b390-9308f132a927,40,Z33Z34,1.0,1.012252383620507,0.0247651994021846,0.012252383620507,Neighbor ZZ
QESEM,518b77c3-3b69-4c60-b390-9308f132a927,40,Z34Z35,1.0,1.0009183823202972,0.0248291067048778,0.0009183823202971,Neighbor ZZ
QESEM,518b77c3-3b69-4c60-b390-9308f132a927,40,Z35Z36,1.0,1.012967532729721,0.0213244745169702,0.0129675327297209,Neighbor ZZ
QESEM,518b77c3-3b69-4c60-b390-9308f132a927,40,Z36Z37,1.0,0.991817349344866,0.0196032621768815,0.0081826506551341,Neighbor ZZ
QESEM,518b77c3-3b69-4c60-b390-9308f132a927,40,Z37Z38,1.0,1.018646784433956,0.0171673598265811,0.0186467844339559,Neighbor ZZ
QESEM,518b77c3-3b69-4c60-b390-9308f132a927,40,Z38Z39,1.0,0.9887660957467268,0.0219650513592977,0.0112339042532733,Neighbor ZZ
IBM default,d8rf4dmab0ds73drk25g,60,XXXXXXXXXXXXXXXXXXXXXXXXXXXXXXXXXXXXXXXXXXXXXXXXXXXXXXXXXXXX,1.0,0.2425253789459046,0.0322616576770898,0.7574746210540955,Global X
IBM default,d8rf4dmab0ds73drk25g,60,Z0Z1,1.0,0.9094862396719886,0.0063363765138878,0.0905137603280114,Neighbor ZZ
IBM default,d8rf4dmab0ds73drk25g,60,Z1Z2,1.0,0.915334077104252,0.0068009359569953,0.0846659228957481,Neighbor ZZ
IBM default,d8rf4dmab0ds73drk25g,60,Z2Z3,1.0,0.9362549800796812,0.0060654848840941,0.0637450199203187,Neighbor ZZ
IBM default,d8rf4dmab0ds73drk25g,60,Z3Z4,1.0,0.9247945806937212,0.0066858866728291,0.0752054193062786,Neighbor ZZ
IBM default,d8rf4dmab0ds73drk25g,60,Z4Z5,1.0,0.9138989848351924,0.0064678666737263,0.0861010151648076,Neighbor ZZ
IBM default,d8rf4dmab0ds73drk25g,60,Z5Z6,1.0,0.9164009254048646,0.0077018982687162,0.0835990745951353,Neighbor ZZ
IBM default,d8rf4dmab0ds73drk25g,60,Z6Z7,1.0,0.9102642483526936,0.0103917614282215,0.0897357516473065,Neighbor ZZ
IBM default,d8rf4dmab0ds73drk25g,60,Z7Z8,1.0,0.9709318120076066,0.008085072875402,0.0290681879923934,Neighbor ZZ
IBM default,d8rf4dmab0ds73drk25g,60,Z8Z9,1.0,0.9390622033791052,0.0083002490535086,0.0609377966208947,Neighbor ZZ
IBM default,d8rf4dmab0ds73drk25g,60,Z9Z10,1.0,0.9582827572989204,0.0073349661754133,0.0417172427010796,Neighbor ZZ
IBM default,d8rf4dmab0ds73drk25g,60,Z10Z11,1.0,0.9312543400037876,0.0064424229278719,0.0687456599962124,Neighbor ZZ
IBM default,d8rf4dmab0ds73drk25g,60,Z11Z12,1.0,0.914385920961984,0.0067657531586461,0.0856140790380158,Neighbor ZZ
IBM default,d8rf4dmab0ds73drk25g,60,Z12Z13,1.0,0.9405796182383156,0.006810569449283,0.0594203817616842,Neighbor ZZ
IBM default,d8rf4dmab0ds73drk25g,60,Z13Z14,1.0,0.9579238131945784,0.0076124605000295,0.0420761868054216,Neighbor ZZ
IBM default,d8rf4dmab0ds73drk25g,60,Z14Z15,1.0,0.9563499649525266,0.0056114557928782,0.0436500350474734,Neighbor ZZ
IBM default,d8rf4dmab0ds73drk25g,60,Z15Z16,1.0,0.9419709854927464,0.0068880010693817,0.0580290145072536,Neighbor ZZ
IBM default,d8rf4dmab0ds73drk25g,60,Z16Z17,1.0,0.9411177021542304,0.0065617461045075,0.0588822978457695,Neighbor ZZ
IBM default,d8rf4dmab0ds73drk25g,60,Z17Z18,1.0,0.9482737130749096,0.0063569695073988,0.0517262869250904,Neighbor ZZ
IBM default,d8rf4dmab0ds73drk25g,60,Z18Z19,1.0,0.9469043035459233,0.0047594030142125,0.0530956964540768,Neighbor ZZ
IBM default,d8rf4dmab0ds73drk25g,60,Z19Z20,1.0,0.9611977542108546,0.0054653829658971,0.0388022457891453,Neighbor ZZ
IBM default,d8rf4dmab0ds73drk25g,60,Z20Z21,1.0,0.9363286583095444,0.0066151331253775,0.0636713416904555,Neighbor ZZ
IBM default,d8rf4dmab0ds73drk25g,60,Z21Z22,1.0,0.9326335288669344,0.0067830764500852,0.0673664711330657,Neighbor ZZ
IBM default,d8rf4dmab0ds73drk25g,60,Z22Z23,1.0,0.9530757341576508,0.0054273534496561,0.0469242658423493,Neighbor ZZ
IBM default,d8rf4dmab0ds73drk25g,60,Z23Z24,1.0,0.9379173880781598,0.005871840171971,0.0620826119218401,Neighbor ZZ
IBM default,d8rf4dmab0ds73drk25g,60,Z24Z25,1.0,0.9483974755599556,0.0051583108580499,0.0516025244400445,Neighbor ZZ
IBM default,d8rf4dmab0ds73drk25g,60,Z25Z26,1.0,0.9638911178322326,0.0050993149426548,0.0361088821677674,Neighbor ZZ
IBM default,d8rf4dmab0ds73drk25g,60,Z26Z27,1.0,0.9345887016848364,0.0067423780192972,0.0654112983151635,Neighbor ZZ
IBM default,d8rf4dmab0ds73drk25g,60,Z27Z28,1.0,0.9490664295694144,0.0064726891379079,0.0509335704305855,Neighbor ZZ
IBM default,d8rf4dmab0ds73drk25g,60,Z28Z29,1.0,0.9790333818964972,0.0061706226169541,0.0209666181035028,Neighbor ZZ
IBM default,d8rf4dmab0ds73drk25g,60,Z29Z30,1.0,0.9575193798449612,0.0062864224965468,0.0424806201550387,Neighbor ZZ
IBM default,d8rf4dmab0ds73drk25g,60,Z30Z31,1.0,0.9605,0.0060091439486507,0.0394999999999999,Neighbor ZZ
IBM default,d8rf4dmab0ds73drk25g,60,Z31Z32,1.0,0.9742855363925036,0.0054163400518272,0.0257144636074964,Neighbor ZZ
IBM default,d8rf4dmab0ds73drk25g,60,Z32Z33,1.0,0.966707768187423,0.0048421557414329,0.033292231812577,Neighbor ZZ
IBM default,d8rf4dmab0ds73drk25g,60,Z33Z34,1.0,0.9736760606999072,0.0046807492312056,0.0263239393000929,Neighbor ZZ
IBM default,d8rf4dmab0ds73drk25g,60,Z34Z35,1.0,0.9667869137952482,0.0046913618284507,0.0332130862047518,Neighbor ZZ
IBM default,d8rf4dmab0ds73drk25g,60,Z35Z36,1.0,0.967673621924634,0.0043905943110915,0.0323263780753659,Neighbor ZZ
IBM default,d8rf4dmab0ds73drk25g,60,Z36Z37,1.0,0.96161013790533,0.0054905200553558,0.0383898620946701,Neighbor ZZ
IBM default,d8rf4dmab0ds73drk25g,60,Z37Z38,1.0,0.9771219542439084,0.0045903423928391,0.0228780457560915,Neighbor ZZ
IBM default,d8rf4dmab0ds73drk25g,60,Z38Z39,1.0,0.9634002361275088,0.0059249583642262,0.0365997638724912,Neighbor ZZ
IBM default,d8rf4dmab0ds73drk25g,60,Z39Z40,1.0,0.9703142466774314,0.0052833099474245,0.0296857533225686,Neighbor ZZ
IBM default,d8rf4dmab0ds73drk25g,60,Z40Z41,1.0,0.9268869392072676,0.0065858432871941,0.0731130607927322,Neighbor ZZ
IBM default,d8rf4dmab0ds73drk25g,60,Z41Z42,1.0,0.9323232323232324,0.0065098789792556,0.0676767676767676,Neighbor ZZ
IBM default,d8rf4dmab0ds73drk25g,60,Z42Z43,1.0,0.9548111369492804,0.0061550885312475,0.0451888630507196,Neighbor ZZ
IBM default,d8rf4dmab0ds73drk25g,60,Z43Z44,1.0,0.9817127002144028,0.0054021186416748,0.0182872997855971,Neighbor ZZ
IBM default,d8rf4dmab0ds73drk25g,60,Z44Z45,1.0,0.9828643692696808,0.0056534843034557,0.0171356307303193,Neighbor ZZ
IBM default,d8rf4dmab0ds73drk25g,60,Z45Z46,1.0,0.9684925476385132,0.0055386598393988,0.0315074523614866,Neighbor ZZ
IBM default,d8rf4dmab0ds73drk25g,60,Z46Z47,1.0,0.922040922040922,0.0073917878326991,0.0779590779590779,Neighbor ZZ
IBM default,d8rf4dmab0ds73drk25g,60,Z47Z48,1.0,0.948788440636788,0.0058133621181032,0.051211559363212,Neighbor ZZ
IBM default,d8rf4dmab0ds73drk25g,60,Z48Z49,1.0,0.9754525167369203,0.0038312441151092,0.0245474832630795,Neighbor ZZ
IBM default,d8rf4dmab0ds73drk25g,60,Z49Z50,1.0,0.9770954562337502,0.0043350795312699,0.0229045437662498,Neighbor ZZ
IBM default,d8rf4dmab0ds73drk25g,60,Z50Z51,1.0,0.9751268407375324,0.0042335529524642,0.0248731592624674,Neighbor ZZ
IBM default,d8rf4dmab0ds73drk25g,60,Z51Z52,1.0,0.9885470191295734,0.0038042696385456,0.0114529808704265,Neighbor ZZ
IBM default,d8rf4dmab0ds73drk25g,60,Z52Z53,1.0,0.9757627229372182,0.0073302366594489,0.0242372770627817,Neighbor ZZ
IBM default,d8rf4dmab0ds73drk25g,60,Z53Z54,1.0,1.011415824694922,0.0071406032263541,0.0114158246949218,Neighbor ZZ
IBM default,d8rf4dmab0ds73drk25g,60,Z54Z55,1.0,0.9797540678176624,0.0054355685101301,0.0202459321823376,Neighbor ZZ
IBM default,d8rf4dmab0ds73drk25g,60,Z55Z56,1.0,0.9827340800792128,0.0043256721390984,0.0172659199207871,Neighbor ZZ
IBM default,d8rf4dmab0ds73drk25g,60,Z56Z57,1.0,0.9893887682283586,0.0036665241762992,0.0106112317716413,Neighbor ZZ
IBM default,d8rf4dmab0ds73drk25g,60,Z57Z58,1.0,0.9924514292785548,0.0031544456485127,0.0075485707214453,Neighbor ZZ
IBM default,d8rf4dmab0ds73drk25g,60,Z58Z59,1.0,0.9811836303794323,0.0038693002320557,0.0188163696205675,Neighbor ZZ
Q-CTRL,db75adbd-1537-4e7b-8d57-1e6839d2c08f,60,XXXXXXXXXXXXXXXXXXXXXXXXXXXXXXXXXXXXXXXXXXXXXXXXXXXXXXXXXXXX,1.0,0.139,0.990292381067329,0.861,Global X
Q-CTRL,db75adbd-1537-4e7b-8d57-1e6839d2c08f,60,Z0Z1,1.0,0.8678,0.4969136343470562,0.1321999999999999,Neighbor ZZ
Q-CTRL,db75adbd-1537-4e7b-8d57-1e6839d2c08f,60,Z1Z2,1.0,0.8814,0.4723706595460815,0.1186,Neighbor ZZ
Q-CTRL,db75adbd-1537-4e7b-8d57-1e6839d2c08f,60,Z2Z3,1.0,0.9226,0.3857580070458681,0.0774,Neighbor ZZ
Q-CTRL,db75adbd-1537-4e7b-8d57-1e6839d2c08f,60,Z3Z4,1.0,0.9248,0.3804536239806371,0.0752,Neighbor ZZ
Q-CTRL,db75adbd-1537-4e7b-8d57-1e6839d2c08f,60,Z4Z5,1.0,0.9082,0.4185364500255623,0.0917999999999999,Neighbor ZZ
Q-CTRL,db75adbd-1537-4e7b-8d57-1e6839d2c08f,60,Z5Z6,1.0,0.9318,0.3629721201414786,0.0682,Neighbor ZZ
Q-CTRL,db75adbd-1537-4e7b-8d57-1e6839d2c08f,60,Z6Z7,1.0,0.914,0.4057141851106515,0.0859999999999999,Neighbor ZZ
Q-CTRL,db75adbd-1537-4e7b-8d57-1e6839d2c08f,60,Z7Z8,1.0,0.9024,0.4308993385931336,0.0976,Neighbor ZZ
Q-CTRL,db75adbd-1537-4e7b-8d57-1e6839d2c08f,60,Z8Z9,1.0,0.8856,0.4644487485180683,0.1143999999999999,Neighbor ZZ
Q-CTRL,db75adbd-1537-4e7b-8d57-1e6839d2c08f,60,Z9Z10,1.0,0.921,0.3895625752045491,0.0789999999999999,Neighbor ZZ
Q-CTRL,db75adbd-1537-4e7b-8d57-1e6839d2c08f,60,Z10Z11,1.0,0.9068,0.4215610987745429,0.0931999999999999,Neighbor ZZ
Q-CTRL,db75adbd-1537-4e7b-8d57-1e6839d2c08f,60,Z11Z12,1.0,0.9382,0.3460935711624819,0.0617999999999999,Neighbor ZZ
Q-CTRL,db75adbd-1537-4e7b-8d57-1e6839d2c08f,60,Z12Z13,1.0,0.8908,0.4543955985702325,0.1091999999999999,Neighbor ZZ
Q-CTRL,db75adbd-1537-4e7b-8d57-1e6839d2c08f,60,Z13Z14,1.0,0.932,0.362458273460546,0.0679999999999999,Neighbor ZZ
Q-CTRL,db75adbd-1537-4e7b-8d57-1e6839d2c08f,60,Z14Z15,1.0,0.9356,0.3530618076201389,0.0644,Neighbor ZZ
Q-CTRL,db75adbd-1537-4e7b-8d57-1e6839d2c08f,60,Z15Z16,1.0,0.9434,0.3316571120901826,0.0565999999999999,Neighbor ZZ
Q-CTRL,db75adbd-1537-4e7b-8d57-1e6839d2c08f,60,Z16Z17,1.0,0.9322,0.3619435867645673,0.0677999999999999,Neighbor ZZ
Q-CTRL,db75adbd-1537-4e7b-8d57-1e6839d2c08f,60,Z17Z18,1.0,0.9018,0.432153630090041,0.0981999999999999,Neighbor ZZ
Q-CTRL,db75adbd-1537-4e7b-8d57-1e6839d2c08f,60,Z18Z19,1.0,0.91,0.4146082488325575,0.0899999999999999,Neighbor ZZ
Q-CTRL,db75adbd-1537-4e7b-8d57-1e6839d2c08f,60,Z19Z20,1.0,0.9368,0.3498653455259609,0.0632,Neighbor ZZ
Q-CTRL,db75adbd-1537-4e7b-8d57-1e6839d2c08f,60,Z20Z21,1.0,0.9306,0.3660377576152494,0.0694,Neighbor ZZ
Q-CTRL,db75adbd-1537-4e7b-8d57-1e6839d2c08f,60,Z21Z22,1.0,0.945,0.3270703288285259,0.055,Neighbor ZZ
Q-CTRL,db75adbd-1537-4e7b-8d57-1e6839d2c08f,60,Z22Z23,1.0,0.91,0.4146082488325575,0.0899999999999999,Neighbor ZZ
Q-CTRL,db75adbd-1537-4e7b-8d57-1e6839d2c08f,60,Z23Z24,1.0,0.9044,0.4266856454112324,0.0956,Neighbor ZZ
Q-CTRL,db75adbd-1537-4e7b-8d57-1e6839d2c08f,60,Z24Z25,1.0,0.92,0.3919183588453084,0.0799999999999999,Neighbor ZZ
Q-CTRL,db75adbd-1537-4e7b-8d57-1e6839d2c08f,60,Z25Z26,1.0,0.9494,0.3140694827581946,0.0505999999999999,Neighbor ZZ
Q-CTRL,db75adbd-1537-4e7b-8d57-1e6839d2c08f,60,Z26Z27,1.0,0.943,0.3327927282859408,0.057,Neighbor ZZ
Q-CTRL,db75adbd-1537-4e7b-8d57-1e6839d2c08f,60,Z27Z28,1.0,0.9432,0.3322254656103289,0.0567999999999999,Neighbor ZZ
Q-CTRL,db75adbd-1537-4e7b-8d57-1e6839d2c08f,60,Z28Z29,1.0,0.9318,0.3629721201414786,0.0682,Neighbor ZZ
Q-CTRL,db75adbd-1537-4e7b-8d57-1e6839d2c08f,60,Z29Z30,1.0,0.9512,0.308575047597825,0.0487999999999999,Neighbor ZZ
Q-CTRL,db75adbd-1537-4e7b-8d57-1e6839d2c08f,60,Z30Z31,1.0,0.9056,0.4241328093887574,0.0944,Neighbor ZZ
Q-CTRL,db75adbd-1537-4e7b-8d57-1e6839d2c08f,60,Z31Z32,1.0,0.8918,0.452429839864702,0.1081999999999999,Neighbor ZZ
Q-CTRL,db75adbd-1537-4e7b-8d57-1e6839d2c08f,60,Z32Z33,1.0,0.9168,0.399346666444081,0.0832,Neighbor ZZ
Q-CTRL,db75adbd-1537-4e7b-8d57-1e6839d2c08f,60,Z33Z34,1.0,0.9418,0.3361737050990158,0.0582,Neighbor ZZ
Q-CTRL,db75adbd-1537-4e7b-8d57-1e6839d2c08f,60,Z34Z35,1.0,0.928,0.3725801927102405,0.0719999999999999,Neighbor ZZ
Q-CTRL,db75adbd-1537-4e7b-8d57-1e6839d2c08f,60,Z35Z36,1.0,0.9606,0.2779345966230184,0.0393999999999999,Neighbor ZZ
Q-CTRL,db75adbd-1537-4e7b-8d57-1e6839d2c08f,60,Z36Z37,1.0,0.9568,0.2907469002414299,0.0432,Neighbor ZZ
Q-CTRL,db75adbd-1537-4e7b-8d57-1e6839d2c08f,60,Z37Z38,1.0,0.975,0.2222048604328898,0.025,Neighbor ZZ
Q-CTRL,db75adbd-1537-4e7b-8d57-1e6839d2c08f,60,Z38Z39,1.0,0.9314,0.3639973076823508,0.0686,Neighbor ZZ
Q-CTRL,db75adbd-1537-4e7b-8d57-1e6839d2c08f,60,Z39Z40,1.0,0.913,0.4079595568190551,0.0869999999999999,Neighbor ZZ
Q-CTRL,db75adbd-1537-4e7b-8d57-1e6839d2c08f,60,Z40Z41,1.0,0.9568,0.2907469002414299,0.0432,Neighbor ZZ
Q-CTRL,db75adbd-1537-4e7b-8d57-1e6839d2c08f,60,Z41Z42,1.0,0.9724,0.2333200377164378,0.0275999999999999,Neighbor ZZ
Q-CTRL,db75adbd-1537-4e7b-8d57-1e6839d2c08f,60,Z42Z43,1.0,0.9582,0.2860992135606106,0.0417999999999999,Neighbor ZZ
Q-CTRL,db75adbd-1537-4e7b-8d57-1e6839d2c08f,60,Z43Z44,1.0,0.9614,0.2751545747393634,0.0385999999999999,Neighbor ZZ
Q-CTRL,db75adbd-1537-4e7b-8d57-1e6839d2c08f,60,Z44Z45,1.0,0.9526,0.3042256399450907,0.0474,Neighbor ZZ
Q-CTRL,db75adbd-1537-4e7b-8d57-1e6839d2c08f,60,Z45Z46,1.0,0.958,0.2867681990737468,0.042,Neighbor ZZ
Q-CTRL,db75adbd-1537-4e7b-8d57-1e6839d2c08f,60,Z46Z47,1.0,0.9484,0.3170763945802335,0.0515999999999999,Neighbor ZZ
Q-CTRL,db75adbd-1537-4e7b-8d57-1e6839d2c08f,60,Z47Z48,1.0,0.9494,0.3140694827581946,0.0505999999999999,Neighbor ZZ
Q-CTRL,db75adbd-1537-4e7b-8d57-1e6839d2c08f,60,Z48Z49,1.0,0.94,0.3411744421846397,0.06,Neighbor ZZ
Q-CTRL,db75adbd-1537-4e7b-8d57-1e6839d2c08f,60,Z49Z50,1.0,0.9596,0.2813678019958929,0.0403999999999999,Neighbor ZZ
Q-CTRL,db75adbd-1537-4e7b-8d57-1e6839d2c08f,60,Z50Z51,1.0,0.9696,0.2446954024905249,0.0303999999999999,Neighbor ZZ
Q-CTRL,db75adbd-1537-4e7b-8d57-1e6839d2c08f,60,Z51Z52,1.0,0.9738,0.2274061564689928,0.0262,Neighbor ZZ
Q-CTRL,db75adbd-1537-4e7b-8d57-1e6839d2c08f,60,Z52Z53,1.0,0.9516,0.3073392913377656,0.0484,Neighbor ZZ
Q-CTRL,db75adbd-1537-4e7b-8d57-1e6839d2c08f,60,Z53Z54,1.0,0.8994,0.4371265720589404,0.1006,Neighbor ZZ
Q-CTRL,db75adbd-1537-4e7b-8d57-1e6839d2c08f,60,Z54Z55,1.0,0.8978,0.4404034059813796,0.1021999999999999,Neighbor ZZ
Q-CTRL,db75adbd-1537-4e7b-8d57-1e6839d2c08f,60,Z55Z56,1.0,0.967,0.2547763725308923,0.033,Neighbor ZZ
Q-CTRL,db75adbd-1537-4e7b-8d57-1e6839d2c08f,60,Z56Z57,1.0,0.974,0.2265480081572116,0.026,Neighbor ZZ
Q-CTRL,db75adbd-1537-4e7b-8d57-1e6839d2c08f,60,Z57Z58,1.0,0.9706,0.2406982343101003,0.0293999999999999,Neighbor ZZ
Q-CTRL,db75adbd-1537-4e7b-8d57-1e6839d2c08f,60,Z58Z59,1.0,0.9614,0.2751545747393634,0.0385999999999999,Neighbor ZZ
IBM default,d8ri28i01fac73d4c7v0,80,XXXXXXXXXXXXXXXXXXXXXXXXXXXXXXXXXXXXXXXXXXXXXXXXXXXXXXXXXXXXXXXXXXXXXXXXXXXXXXXX,1.0,-0.0362116991643454,0.0457075440390525,1.0362116991643453,Global X
IBM default,d8ri28i01fac73d4c7v0,80,Z0Z1,1.0,0.9303263197681744,0.0070495243080125,0.0696736802318256,Neighbor ZZ
IBM default,d8ri28i01fac73d4c7v0,80,Z1Z2,1.0,0.927357032457496,0.0067182283997833,0.0726429675425038,Neighbor ZZ
IBM default,d8ri28i01fac73d4c7v0,80,Z2Z3,1.0,0.9101172383847156,0.0063599356528503,0.0898827616152844,Neighbor ZZ
IBM default,d8ri28i01fac73d4c7v0,80,Z3Z4,1.0,0.8870502695248841,0.0087384185170025,0.1129497304751159,Neighbor ZZ
IBM default,d8ri28i01fac73d4c7v0,80,Z4Z5,1.0,0.8738484677570972,0.0082226636146545,0.1261515322429027,Neighbor ZZ
IBM default,d8ri28i01fac73d4c7v0,80,Z5Z6,1.0,0.8910581315311933,0.0073986121941728,0.1089418684688067,Neighbor ZZ
IBM default,d8ri28i01fac73d4c7v0,80,Z6Z7,1.0,0.8938823045831336,0.0124743347896449,0.1061176954168664,Neighbor ZZ
IBM default,d8ri28i01fac73d4c7v0,80,Z7Z8,1.0,0.94839151266256,0.0116554238660084,0.05160848733744,Neighbor ZZ
IBM default,d8ri28i01fac73d4c7v0,80,Z8Z9,1.0,0.9054054054054054,0.008390360606042,0.0945945945945946,Neighbor ZZ
IBM default,d8ri28i01fac73d4c7v0,80,Z9Z10,1.0,0.9269470207089316,0.0072308487983618,0.0730529792910684,Neighbor ZZ
IBM default,d8ri28i01fac73d4c7v0,80,Z10Z11,1.0,0.930079239302694,0.0070444473956521,0.0699207606973059,Neighbor ZZ
IBM default,d8ri28i01fac73d4c7v0,80,Z11Z12,1.0,0.9144146968461973,0.0078123362524578,0.0855853031538027,Neighbor ZZ
IBM default,d8ri28i01fac73d4c7v0,80,Z12Z13,1.0,0.9396600745561382,0.0073296422065913,0.0603399254438618,Neighbor ZZ
IBM default,d8ri28i01fac73d4c7v0,80,Z13Z14,1.0,0.9313417526764536,0.0078180171303975,0.0686582473235464,Neighbor ZZ
IBM default,d8ri28i01fac73d4c7v0,80,Z14Z15,1.0,0.8372569089048106,0.0082448743956606,0.1627430910951893,Neighbor ZZ
IBM default,d8ri28i01fac73d4c7v0,80,Z15Z16,1.0,0.8453530665997743,0.0088622948405809,0.1546469334002257,Neighbor ZZ
IBM default,d8ri28i01fac73d4c7v0,80,Z16Z17,1.0,0.9317067035593009,0.0073239653721929,0.0682932964406992,Neighbor ZZ
IBM default,d8ri28i01fac73d4c7v0,80,Z17Z18,1.0,0.9260627308583236,0.0074440324300245,0.0739372691416765,Neighbor ZZ
IBM default,d8ri28i01fac73d4c7v0,80,Z18Z19,1.0,0.914541609652942,0.0065603741348031,0.085458390347058,Neighbor ZZ
IBM default,d8ri28i01fac73d4c7v0,80,Z19Z20,1.0,0.9378466245936126,0.0078566814163841,0.0621533754063874,Neighbor ZZ
IBM default,d8ri28i01fac73d4c7v0,80,Z20Z21,1.0,0.9149084457961096,0.0075085046168728,0.0850915542038902,Neighbor ZZ
IBM default,d8ri28i01fac73d4c7v0,80,Z21Z22,1.0,0.9123110151187904,0.0070909841794408,0.0876889848812094,Neighbor ZZ
IBM default,d8ri28i01fac73d4c7v0,80,Z22Z23,1.0,0.8504210004952947,0.0096781883005636,0.1495789995047053,Neighbor ZZ
IBM default,d8ri28i01fac73d4c7v0,80,Z23Z24,1.0,0.8425484490124451,0.0088991210335246,0.1574515509875549,Neighbor ZZ
IBM default,d8ri28i01fac73d4c7v0,80,Z24Z25,1.0,0.9386165543673116,0.0058452122768892,0.0613834456326883,Neighbor ZZ
IBM default,d8ri28i01fac73d4c7v0,80,Z25Z26,1.0,0.9541239025596636,0.0045718795730564,0.0458760974403363,Neighbor ZZ
IBM default,d8ri28i01fac73d4c7v0,80,Z26Z27,1.0,0.9199975135202336,0.0068324772749288,0.0800024864797662,Neighbor ZZ
IBM default,d8ri28i01fac73d4c7v0,80,Z27Z28,1.0,0.9110958818765186,0.0075550869732628,0.0889041181234814,Neighbor ZZ
IBM default,d8ri28i01fac73d4c7v0,80,Z28Z29,1.0,0.9396573131363296,0.0056030057826402,0.0603426868636702,Neighbor ZZ
IBM default,d8ri28i01fac73d4c7v0,80,Z29Z30,1.0,0.952995163090661,0.0053107729200973,0.0470048369093389,Neighbor ZZ
IBM default,d8ri28i01fac73d4c7v0,80,Z30Z31,1.0,0.93516163057641,0.0059795356077033,0.06483836942359,Neighbor ZZ
IBM default,d8ri28i01fac73d4c7v0,80,Z31Z32,1.0,0.9401242236024844,0.0058664697345933,0.0598757763975155,Neighbor ZZ
IBM default,d8ri28i01fac73d4c7v0,80,Z32Z33,1.0,0.9342667740536522,0.0063859342182616,0.0657332259463477,Neighbor ZZ
IBM default,d8ri28i01fac73d4c7v0,80,Z33Z34,1.0,0.9528659256039248,0.0061616907690274,0.0471340743960753,Neighbor ZZ
IBM default,d8ri28i01fac73d4c7v0,80,Z34Z35,1.0,0.9380267724343084,0.0051256625922037,0.0619732275656915,Neighbor ZZ
IBM default,d8ri28i01fac73d4c7v0,80,Z35Z36,1.0,0.9421364985163204,0.0068320038005076,0.0578635014836795,Neighbor ZZ
IBM default,d8ri28i01fac73d4c7v0,80,Z36Z37,1.0,0.9382093316519546,0.0080483882175612,0.0617906683480453,Neighbor ZZ
IBM default,d8ri28i01fac73d4c7v0,80,Z37Z38,1.0,0.9639833185896626,0.0065847264594447,0.0360166814103374,Neighbor ZZ
IBM default,d8ri28i01fac73d4c7v0,80,Z38Z39,1.0,0.9452003495194108,0.0063003828380528,0.0547996504805892,Neighbor ZZ
IBM default,d8ri28i01fac73d4c7v0,80,Z39Z40,1.0,0.962240560140035,0.005027359812257,0.0377594398599649,Neighbor ZZ
IBM default,d8ri28i01fac73d4c7v0,80,Z40Z41,1.0,0.9671589705240856,0.0047915152019554,0.0328410294759144,Neighbor ZZ
IBM default,d8ri28i01fac73d4c7v0,80,Z41Z42,1.0,0.7280147949748103,0.0107186498930574,0.2719852050251897,Neighbor ZZ
IBM default,d8ri28i01fac73d4c7v0,80,Z42Z43,1.0,0.7285687010755425,0.0100535315741106,0.2714312989244575,Neighbor ZZ
IBM default,d8ri28i01fac73d4c7v0,80,Z43Z44,1.0,0.9575862495362928,0.0057040230745653,0.0424137504637072,Neighbor ZZ
IBM default,d8ri28i01fac73d4c7v0,80,Z44Z45,1.0,0.9481701653353148,0.0063469930480746,0.0518298346646851,Neighbor ZZ
IBM default,d8ri28i01fac73d4c7v0,80,Z45Z46,1.0,0.9701779403558808,0.0049902011125069,0.0298220596441193,Neighbor ZZ
IBM default,d8ri28i01fac73d4c7v0,80,Z46Z47,1.0,0.9474950915194122,0.0068368206808248,0.0525049084805877,Neighbor ZZ
IBM default,d8ri28i01fac73d4c7v0,80,Z47Z48,1.0,0.9483932548520522,0.0074239965149994,0.0516067451479478,Neighbor ZZ
IBM default,d8ri28i01fac73d4c7v0,80,Z48Z49,1.0,0.9362179687012906,0.0068370546248941,0.0637820312987094,Neighbor ZZ
IBM default,d8ri28i01fac73d4c7v0,80,Z49Z50,1.0,0.9495652173913044,0.0053154987890045,0.0504347826086956,Neighbor ZZ
IBM default,d8ri28i01fac73d4c7v0,80,Z50Z51,1.0,0.9572649572649572,0.0049270360909441,0.0427350427350426,Neighbor ZZ
IBM default,d8ri28i01fac73d4c7v0,80,Z51Z52,1.0,0.9563115820784532,0.0046498462959322,0.0436884179215467,Neighbor ZZ
IBM default,d8ri28i01fac73d4c7v0,80,Z52Z53,1.0,0.9383054223993028,0.0063365078448501,0.0616945776006973,Neighbor ZZ
IBM default,d8ri28i01fac73d4c7v0,80,Z53Z54,1.0,0.9507478565617372,0.0052716169837123,0.0492521434382626,Neighbor ZZ
IBM default,d8ri28i01fac73d4c7v0,80,Z54Z55,1.0,0.9664328657314628,0.0068412484710614,0.033567134268537,Neighbor ZZ
IBM default,d8ri28i01fac73d4c7v0,80,Z55Z56,1.0,0.9913793103448276,0.0060827078133098,0.0086206896551723,Neighbor ZZ
IBM default,d8ri28i01fac73d4c7v0,80,Z56Z57,1.0,0.9905916524594304,0.0042479025915083,0.0094083475405695,Neighbor ZZ
IBM default,d8ri28i01fac73d4c7v0,80,Z57Z58,1.0,0.9787075084049308,0.0047379695183473,0.021292491595069,Neighbor ZZ
IBM default,d8ri28i01fac73d4c7v0,80,Z58Z59,1.0,0.9472239550842172,0.0053235024441222,0.0527760449157829,Neighbor ZZ
IBM default,d8ri28i01fac73d4c7v0,80,Z59Z60,1.0,0.9544820590845696,0.0070529798273963,0.0455179409154304,Neighbor ZZ
IBM default,d8ri28i01fac73d4c7v0,80,Z60Z61,1.0,0.972132701421801,0.0059134450006749,0.027867298578199,Neighbor ZZ
IBM default,d8ri28i01fac73d4c7v0,80,Z61Z62,1.0,0.956074592652252,0.0049043468851678,0.0439254073477479,Neighbor ZZ
IBM default,d8ri28i01fac73d4c7v0,80,Z62Z63,1.0,0.9575598474904682,0.0053778307642543,0.0424401525095318,Neighbor ZZ
IBM default,d8ri28i01fac73d4c7v0,80,Z63Z64,1.0,0.9729797191887676,0.0044081690747169,0.0270202808112324,Neighbor ZZ
IBM default,d8ri28i01fac73d4c7v0,80,Z64Z65,1.0,0.9793897381939716,0.0055635393336947,0.0206102618060283,Neighbor ZZ
IBM default,d8ri28i01fac73d4c7v0,80,Z65Z66,1.0,0.9904761904761904,0.0044834809020877,0.0095238095238094,Neighbor ZZ
IBM default,d8ri28i01fac73d4c7v0,80,Z66Z67,1.0,0.9786359389598256,0.0040595539215282,0.0213640610401744,Neighbor ZZ
IBM default,d8ri28i01fac73d4c7v0,80,Z67Z68,1.0,0.9817297499532333,0.0055810688887207,0.0182702500467668,Neighbor ZZ
IBM default,d8ri28i01fac73d4c7v0,80,Z68Z69,1.0,0.9691081215744892,0.0061878878585553,0.0308918784255106,Neighbor ZZ
IBM default,d8ri28i01fac73d4c7v0,80,Z69Z70,1.0,0.9606563490583628,0.0045495025399161,0.0393436509416371,Neighbor ZZ
IBM default,d8ri28i01fac73d4c7v0,80,Z70Z71,1.0,0.95402799377916,0.0043119845524318,0.0459720062208398,Neighbor ZZ
IBM default,d8ri28i01fac73d4c7v0,80,Z71Z72,1.0,0.9786572086366748,0.0044108430917343,0.0213427913633252,Neighbor ZZ
IBM default,d8ri28i01fac73d4c7v0,80,Z72Z73,1.0,0.9632490345085336,0.0038099280728206,0.0367509654914662,Neighbor ZZ
IBM default,d8ri28i01fac73d4c7v0,80,Z73Z74,1.0,0.9831875426515292,0.0036025635840518,0.0168124573484707,Neighbor ZZ
IBM default,d8ri28i01fac73d4c7v0,80,Z74Z75,1.0,0.9557301409153262,0.0047944957907721,0.0442698590846738,Neighbor ZZ
IBM default,d8ri28i01fac73d4c7v0,80,Z75Z76,1.0,0.974601373920716,0.0059926812805267,0.025398626079284,Neighbor ZZ
IBM default,d8ri28i01fac73d4c7v0,80,Z76Z77,1.0,0.9919420326066588,0.0038276020974232,0.0080579673933411,Neighbor ZZ
IBM default,d8ri28i01fac73d4c7v0,80,Z77Z78,1.0,0.987923453273054,0.0036563625442491,0.0120765467269461,Neighbor ZZ
IBM default,d8ri28i01fac73d4c7v0,80,Z78Z79,1.0,0.9816315171006248,0.0040564179138024,0.0183684828993753,Neighbor ZZ
Q-CTRL,3adfcd16-fe3a-4c8a-a36d-57bbb66ef6eb,80,XXXXXXXXXXXXXXXXXXXXXXXXXXXXXXXXXXXXXXXXXXXXXXXXXXXXXXXXXXXXXXXXXXXXXXXXXXXXXXXX,1.0,0.0038,0.9999927799739357,0.9962,Global X
Q-CTRL,3adfcd16-fe3a-4c8a-a36d-57bbb66ef6eb,80,Z0Z1,1.0,0.8876,0.4606150670570819,0.1124,Neighbor ZZ
Q-CTRL,3adfcd16-fe3a-4c8a-a36d-57bbb66ef6eb,80,Z1Z2,1.0,0.8846,0.4663505548404547,0.1153999999999999,Neighbor ZZ
Q-CTRL,3adfcd16-fe3a-4c8a-a36d-57bbb66ef6eb,80,Z2Z3,1.0,0.8574,0.5146505999219275,0.1425999999999999,Neighbor ZZ
Q-CTRL,3adfcd16-fe3a-4c8a-a36d-57bbb66ef6eb,80,Z3Z4,1.0,0.8838,0.4678648950284686,0.1161999999999999,Neighbor ZZ
Q-CTRL,3adfcd16-fe3a-4c8a-a36d-57bbb66ef6eb,80,Z4Z5,1.0,0.8824,0.4704999893730073,0.1176,Neighbor ZZ
Q-CTRL,3adfcd16-fe3a-4c8a-a36d-57bbb66ef6eb,80,Z5Z6,1.0,0.8854,0.4648299043736322,0.1146,Neighbor ZZ
Q-CTRL,3adfcd16-fe3a-4c8a-a36d-57bbb66ef6eb,80,Z6Z7,1.0,0.8718,0.4898619805618721,0.1281999999999999,Neighbor ZZ
Q-CTRL,3adfcd16-fe3a-4c8a-a36d-57bbb66ef6eb,80,Z7Z8,1.0,0.7048,0.7094060614344933,0.2952,Neighbor ZZ
Q-CTRL,3adfcd16-fe3a-4c8a-a36d-57bbb66ef6eb,80,Z8Z9,1.0,0.71,0.7042016756583301,0.29,Neighbor ZZ
Q-CTRL,3adfcd16-fe3a-4c8a-a36d-57bbb66ef6eb,80,Z9Z10,1.0,0.8476,0.5306356942385236,0.1523999999999999,Neighbor ZZ
Q-CTRL,3adfcd16-fe3a-4c8a-a36d-57bbb66ef6eb,80,Z10Z11,1.0,0.8684,0.4958643362856418,0.1316,Neighbor ZZ
Q-CTRL,3adfcd16-fe3a-4c8a-a36d-57bbb66ef6eb,80,Z11Z12,1.0,0.9046,0.426261469053913,0.0954,Neighbor ZZ
Q-CTRL,3adfcd16-fe3a-4c8a-a36d-57bbb66ef6eb,80,Z12Z13,1.0,0.908,0.4189701660023061,0.0919999999999999,Neighbor ZZ
Q-CTRL,3adfcd16-fe3a-4c8a-a36d-57bbb66ef6eb,80,Z13Z14,1.0,0.8886,0.4586829406027654,0.1114,Neighbor ZZ
Q-CTRL,3adfcd16-fe3a-4c8a-a36d-57bbb66ef6eb,80,Z14Z15,1.0,0.9072,0.4206996077963467,0.0928,Neighbor ZZ
Q-CTRL,3adfcd16-fe3a-4c8a-a36d-57bbb66ef6eb,80,Z15Z16,1.0,0.8794,0.4760836481123879,0.1206,Neighbor ZZ
Q-CTRL,3adfcd16-fe3a-4c8a-a36d-57bbb66ef6eb,80,Z16Z17,1.0,0.8772,0.4801251503514475,0.1228,Neighbor ZZ
Q-CTRL,3adfcd16-fe3a-4c8a-a36d-57bbb66ef6eb,80,Z17Z18,1.0,0.9204,0.390978055650186,0.0796,Neighbor ZZ
Q-CTRL,3adfcd16-fe3a-4c8a-a36d-57bbb66ef6eb,80,Z18Z19,1.0,0.9278,0.3730779543205415,0.0722,Neighbor ZZ
Q-CTRL,3adfcd16-fe3a-4c8a-a36d-57bbb66ef6eb,80,Z19Z20,1.0,0.9254,0.3789918732637944,0.0746,Neighbor ZZ
Q-CTRL,3adfcd16-fe3a-4c8a-a36d-57bbb66ef6eb,80,Z20Z21,1.0,0.926,0.3775235092017447,0.0739999999999999,Neighbor ZZ
Q-CTRL,3adfcd16-fe3a-4c8a-a36d-57bbb66ef6eb,80,Z21Z22,1.0,0.9148,0.4039071180358178,0.0852,Neighbor ZZ
Q-CTRL,3adfcd16-fe3a-4c8a-a36d-57bbb66ef6eb,80,Z22Z23,1.0,0.9338,0.3577954164044029,0.0662,Neighbor ZZ
Q-CTRL,3adfcd16-fe3a-4c8a-a36d-57bbb66ef6eb,80,Z23Z24,1.0,0.9294,0.3690740305142045,0.0706,Neighbor ZZ
Q-CTRL,3adfcd16-fe3a-4c8a-a36d-57bbb66ef6eb,80,Z24Z25,1.0,0.915,0.4034538387473837,0.0849999999999999,Neighbor ZZ
Q-CTRL,3adfcd16-fe3a-4c8a-a36d-57bbb66ef6eb,80,Z25Z26,1.0,0.8836,0.4682425012747134,0.1163999999999999,Neighbor ZZ
Q-CTRL,3adfcd16-fe3a-4c8a-a36d-57bbb66ef6eb,80,Z26Z27,1.0,0.9258,0.3780137034553114,0.0742,Neighbor ZZ
Q-CTRL,3adfcd16-fe3a-4c8a-a36d-57bbb66ef6eb,80,Z27Z28,1.0,0.918,0.3965803827725219,0.0819999999999999,Neighbor ZZ
Q-CTRL,3adfcd16-fe3a-4c8a-a36d-57bbb66ef6eb,80,Z28Z29,1.0,0.9206,0.3905069013474666,0.0794,Neighbor ZZ
Q-CTRL,3adfcd16-fe3a-4c8a-a36d-57bbb66ef6eb,80,Z29Z30,1.0,0.8948,0.4464671992431245,0.1051999999999999,Neighbor ZZ
Q-CTRL,3adfcd16-fe3a-4c8a-a36d-57bbb66ef6eb,80,Z30Z31,1.0,0.92,0.3919183588453084,0.0799999999999999,Neighbor ZZ
Q-CTRL,3adfcd16-fe3a-4c8a-a36d-57bbb66ef6eb,80,Z31Z32,1.0,0.9004,0.435063029916356,0.0996,Neighbor ZZ
Q-CTRL,3adfcd16-fe3a-4c8a-a36d-57bbb66ef6eb,80,Z32Z33,1.0,-0.4304,0.902638266416841,1.4304,Neighbor ZZ
Q-CTRL,3adfcd16-fe3a-4c8a-a36d-57bbb66ef6eb,80,Z33Z34,1.0,0.4736,0.8807400524558878,0.5264,Neighbor ZZ
Q-CTRL,3adfcd16-fe3a-4c8a-a36d-57bbb66ef6eb,80,Z34Z35,1.0,0.9024,0.4308993385931336,0.0976,Neighbor ZZ
Q-CTRL,3adfcd16-fe3a-4c8a-a36d-57bbb66ef6eb,80,Z35Z36,1.0,0.9094,0.4159226370372259,0.0906,Neighbor ZZ
Q-CTRL,3adfcd16-fe3a-4c8a-a36d-57bbb66ef6eb,80,Z36Z37,1.0,0.887,0.4617694229807772,0.1129999999999999,Neighbor ZZ
Q-CTRL,3adfcd16-fe3a-4c8a-a36d-57bbb66ef6eb,80,Z37Z38,1.0,0.8314,0.5556744010659479,0.1685999999999999,Neighbor ZZ
Q-CTRL,3adfcd16-fe3a-4c8a-a36d-57bbb66ef6eb,80,Z38Z39,1.0,0.8952,0.4456646272703275,0.1048,Neighbor ZZ
Q-CTRL,3adfcd16-fe3a-4c8a-a36d-57bbb66ef6eb,80,Z39Z40,1.0,0.9262,0.3770325715372612,0.0737999999999999,Neighbor ZZ
Q-CTRL,3adfcd16-fe3a-4c8a-a36d-57bbb66ef6eb,80,Z40Z41,1.0,0.9352,0.3541199796679084,0.0647999999999999,Neighbor ZZ
Q-CTRL,3adfcd16-fe3a-4c8a-a36d-57bbb66ef6eb,80,Z41Z42,1.0,0.9338,0.3577954164044029,0.0662,Neighbor ZZ
Q-CTRL,3adfcd16-fe3a-4c8a-a36d-57bbb66ef6eb,80,Z42Z43,1.0,0.9064,0.422420454050227,0.0936,Neighbor ZZ
Q-CTRL,3adfcd16-fe3a-4c8a-a36d-57bbb66ef6eb,80,Z43Z44,1.0,0.8738,0.4862854717138894,0.1261999999999999,Neighbor ZZ
Q-CTRL,3adfcd16-fe3a-4c8a-a36d-57bbb66ef6eb,80,Z44Z45,1.0,0.9136,0.4066141168233096,0.0864,Neighbor ZZ
Q-CTRL,3adfcd16-fe3a-4c8a-a36d-57bbb66ef6eb,80,Z45Z46,1.0,0.9426,0.3339240033300991,0.0574,Neighbor ZZ
Q-CTRL,3adfcd16-fe3a-4c8a-a36d-57bbb66ef6eb,80,Z46Z47,1.0,0.9432,0.3322254656103289,0.0567999999999999,Neighbor ZZ
Q-CTRL,3adfcd16-fe3a-4c8a-a36d-57bbb66ef6eb,80,Z47Z48,1.0,0.9506,0.3104184917172299,0.0494,Neighbor ZZ
Q-CTRL,3adfcd16-fe3a-4c8a-a36d-57bbb66ef6eb,80,Z48Z49,1.0,0.9358,0.3525313603071364,0.0642,Neighbor ZZ
Q-CTRL,3adfcd16-fe3a-4c8a-a36d-57bbb66ef6eb,80,Z49Z50,1.0,0.9224,0.3862359900371792,0.0776,Neighbor ZZ
Q-CTRL,3adfcd16-fe3a-4c8a-a36d-57bbb66ef6eb,80,Z50Z51,1.0,0.9274,0.3740711696990292,0.0726,Neighbor ZZ
Q-CTRL,3adfcd16-fe3a-4c8a-a36d-57bbb66ef6eb,80,Z51Z52,1.0,0.935,0.3546477125261065,0.0649999999999999,Neighbor ZZ
Q-CTRL,3adfcd16-fe3a-4c8a-a36d-57bbb66ef6eb,80,Z52Z53,1.0,0.9558,0.2940176185197072,0.0442,Neighbor ZZ
Q-CTRL,3adfcd16-fe3a-4c8a-a36d-57bbb66ef6eb,80,Z53Z54,1.0,0.934,0.3572730048576296,0.0659999999999999,Neighbor ZZ
Q-CTRL,3adfcd16-fe3a-4c8a-a36d-57bbb66ef6eb,80,Z54Z55,1.0,0.7758,0.6309788902966563,0.2241999999999999,Neighbor ZZ
Q-CTRL,3adfcd16-fe3a-4c8a-a36d-57bbb66ef6eb,80,Z55Z56,1.0,0.757,0.6534148758637195,0.243,Neighbor ZZ
Q-CTRL,3adfcd16-fe3a-4c8a-a36d-57bbb66ef6eb,80,Z56Z57,1.0,0.9048,0.4258367762417895,0.0951999999999999,Neighbor ZZ
Q-CTRL,3adfcd16-fe3a-4c8a-a36d-57bbb66ef6eb,80,Z57Z58,1.0,0.9442,0.3293726764623925,0.0557999999999999,Neighbor ZZ
Q-CTRL,3adfcd16-fe3a-4c8a-a36d-57bbb66ef6eb,80,Z58Z59,1.0,0.929,0.3700797211412697,0.0709999999999999,Neighbor ZZ
Q-CTRL,3adfcd16-fe3a-4c8a-a36d-57bbb66ef6eb,80,Z59Z60,1.0,0.9158,0.4016346100624299,0.0842,Neighbor ZZ
Q-CTRL,3adfcd16-fe3a-4c8a-a36d-57bbb66ef6eb,80,Z60Z61,1.0,0.9646,0.2637173486898425,0.0353999999999999,Neighbor ZZ
Q-CTRL,3adfcd16-fe3a-4c8a-a36d-57bbb66ef6eb,80,Z61Z62,1.0,0.957,0.2900879177077185,0.043,Neighbor ZZ
Q-CTRL,3adfcd16-fe3a-4c8a-a36d-57bbb66ef6eb,80,Z62Z63,1.0,0.9624,0.2716362273335423,0.0375999999999999,Neighbor ZZ
Q-CTRL,3adfcd16-fe3a-4c8a-a36d-57bbb66ef6eb,80,Z63Z64,1.0,0.9464,0.3229969659300222,0.0535999999999999,Neighbor ZZ
Q-CTRL,3adfcd16-fe3a-4c8a-a36d-57bbb66ef6eb,80,Z64Z65,1.0,0.952,0.306098023515344,0.048,Neighbor ZZ
Q-CTRL,3adfcd16-fe3a-4c8a-a36d-57bbb66ef6eb,80,Z65Z66,1.0,0.9372,0.3487924311105387,0.0627999999999999,Neighbor ZZ
Q-CTRL,3adfcd16-fe3a-4c8a-a36d-57bbb66ef6eb,80,Z66Z67,1.0,0.9308,0.3655288771082253,0.0692,Neighbor ZZ
Q-CTRL,3adfcd16-fe3a-4c8a-a36d-57bbb66ef6eb,80,Z67Z68,1.0,0.9414,0.3372922175206537,0.0585999999999999,Neighbor ZZ
Q-CTRL,3adfcd16-fe3a-4c8a-a36d-57bbb66ef6eb,80,Z68Z69,1.0,0.9652,0.2615128295132001,0.0348,Neighbor ZZ
Q-CTRL,3adfcd16-fe3a-4c8a-a36d-57bbb66ef6eb,80,Z69Z70,1.0,0.8526,0.522564101331119,0.1473999999999999,Neighbor ZZ
Q-CTRL,3adfcd16-fe3a-4c8a-a36d-57bbb66ef6eb,80,Z70Z71,1.0,0.8932,0.4496596045899609,0.1068,Neighbor ZZ
Q-CTRL,3adfcd16-fe3a-4c8a-a36d-57bbb66ef6eb,80,Z71Z72,1.0,0.8976,0.4408108891576977,0.1024,Neighbor ZZ
Q-CTRL,3adfcd16-fe3a-4c8a-a36d-57bbb66ef6eb,80,Z72Z73,1.0,0.9258,0.3780137034553114,0.0742,Neighbor ZZ
Q-CTRL,3adfcd16-fe3a-4c8a-a36d-57bbb66ef6eb,80,Z73Z74,1.0,0.9444,0.3287987834527372,0.0555999999999999,Neighbor ZZ
Q-CTRL,3adfcd16-fe3a-4c8a-a36d-57bbb66ef6eb,80,Z74Z75,1.0,0.9708,0.2398903082660907,0.0292,Neighbor ZZ
Q-CTRL,3adfcd16-fe3a-4c8a-a36d-57bbb66ef6eb,80,Z75Z76,1.0,0.9544,0.2985308024308379,0.0455999999999999,Neighbor ZZ
Q-CTRL,3adfcd16-fe3a-4c8a-a36d-57bbb66ef6eb,80,Z76Z77,1.0,0.9644,0.2644478020328395,0.0355999999999999,Neighbor ZZ
Q-CTRL,3adfcd16-fe3a-4c8a-a36d-57bbb66ef6eb,80,Z77Z78,1.0,0.9602,0.2793133723973843,0.0397999999999999,Neighbor ZZ
Q-CTRL,3adfcd16-fe3a-4c8a-a36d-57bbb66ef6eb,80,Z78Z79,1.0,0.9808,0.195016307010465,0.0191999999999999,Neighbor ZZ
