provider,job_id,n,observable,ideal,expectation_value,std,absolute_error
IBM default,d8qvms6gbcrc73f3v89g,20,XXXXXXXXXXXXXXXXXXXX,1.0,0.08407531747190192,0.016225241197185398,0.9159246825280981
IBM default,d8qvms6gbcrc73f3v89g,20,Z0Z1,1.0,0.9761992847453447,0.002987413944066651,0.023800715254655325
IBM default,d8qvms6gbcrc73f3v89g,20,Z1Z2,1.0,0.9675897181174717,0.004485046984624108,0.03241028188252826
IBM default,d8qvms6gbcrc73f3v89g,20,Z2Z3,1.0,0.9795204795204795,0.0049428770919846925,0.020479520479520508
IBM default,d8qvms6gbcrc73f3v89g,20,Z3Z4,1.0,0.9714820592823713,0.004894163790312503,0.028517940717628698
IBM default,d8qvms6gbcrc73f3v89g,20,Z4Z5,1.0,0.9804213135068154,0.0033069443947807637,0.019578686493184616
IBM default,d8qvms6gbcrc73f3v89g,20,Z5Z6,1.0,0.9621976118294872,0.00462130945577672,0.037802388170512846
IBM default,d8qvms6gbcrc73f3v89g,20,Z6Z7,1.0,0.9750527491622192,0.0036978252026403473,0.02494725083778082
IBM default,d8qvms6gbcrc73f3v89g,20,Z7Z8,1.0,0.9583927574874435,0.004357436589100896,0.04160724251255654
IBM default,d8qvms6gbcrc73f3v89g,20,Z8Z9,1.0,0.9727369143427538,0.004732478083315661,0.027263085657246222
IBM default,d8qvms6gbcrc73f3v89g,20,Z9Z10,1.0,0.9606790662838597,0.005299842545170536,0.039320933716140316
IBM default,d8qvms6gbcrc73f3v89g,20,Z10Z11,1.0,0.9808123598305507,0.004371558525372832,0.019187640169449294
IBM default,d8qvms6gbcrc73f3v89g,20,Z11Z12,1.0,0.9731280004987842,0.005183992914758324,0.02687199950121577
IBM default,d8qvms6gbcrc73f3v89g,20,Z12Z13,1.0,0.9782568295855789,0.0037234538579255837,0.021743170414421087
IBM default,d8qvms6gbcrc73f3v89g,20,Z13Z14,1.0,0.9292250233426704,0.005916018912307087,0.07077497665732957
IBM default,d8qvms6gbcrc73f3v89g,20,Z14Z15,1.0,0.9440715883668904,0.0062341008543749365,0.055928411633109576
IBM default,d8qvms6gbcrc73f3v89g,20,Z15Z16,1.0,0.9614456340120057,0.005690244711254475,0.03855436598799433
IBM default,d8qvms6gbcrc73f3v89g,20,Z16Z17,1.0,0.9706321553011449,0.00622546717062219,0.029367844698855117
IBM default,d8qvms6gbcrc73f3v89g,20,Z17Z18,1.0,0.9652941908197537,0.005583341142699097,0.03470580918024635
IBM default,d8qvms6gbcrc73f3v89g,20,Z18Z19,1.0,0.9709946470807918,0.004840952449242545,0.02900535291920825
Q-CTRL,e58d4f4a-0560-4438-ad2c-407532b445fa,20,XXXXXXXXXXXXXXXXXXXX,1.0,0.652,0.758218965734833,0.348
Q-CTRL,e58d4f4a-0560-4438-ad2c-407532b445fa,20,Z0Z1,1.0,0.9716,0.2366293303882677,0.02839999999999998
Q-CTRL,e58d4f4a-0560-4438-ad2c-407532b445fa,20,Z1Z2,1.0,0.9386,0.3450073042705039,0.06140000000000001
Q-CTRL,e58d4f4a-0560-4438-ad2c-407532b445fa,20,Z2Z3,1.0,0.9622,0.2723438268072179,0.037799999999999945
Q-CTRL,e58d4f4a-0560-4438-ad2c-407532b445fa,20,Z3Z4,1.0,0.9598,0.280684805431288,0.040200000000000014
Q-CTRL,e58d4f4a-0560-4438-ad2c-407532b445fa,20,Z4Z5,1.0,0.9726,0.2324849242424119,0.02739999999999998
Q-CTRL,e58d4f4a-0560-4438-ad2c-407532b445fa,20,Z5Z6,1.0,0.965,0.2622498808388672,0.03500000000000003
Q-CTRL,e58d4f4a-0560-4438-ad2c-407532b445fa,20,Z6Z7,1.0,0.9684,0.24940216518707278,0.03159999999999996
Q-CTRL,e58d4f4a-0560-4438-ad2c-407532b445fa,20,Z7Z8,1.0,0.9608,0.2772424209964991,0.03920000000000001
Q-CTRL,e58d4f4a-0560-4438-ad2c-407532b445fa,20,Z8Z9,1.0,0.9656,0.26003199803101157,0.034399999999999986
Q-CTRL,e58d4f4a-0560-4438-ad2c-407532b445fa,20,Z9Z10,1.0,0.954,0.29980660433019163,0.04600000000000004
Q-CTRL,e58d4f4a-0560-4438-ad2c-407532b445fa,20,Z10Z11,1.0,0.952,0.30609802351534404,0.04800000000000004
Q-CTRL,e58d4f4a-0560-4438-ad2c-407532b445fa,20,Z11Z12,1.0,0.9206,0.39050690134746663,0.07940000000000003
Q-CTRL,e58d4f4a-0560-4438-ad2c-407532b445fa,20,Z12Z13,1.0,0.966,0.25854206620973696,0.03400000000000003
Q-CTRL,e58d4f4a-0560-4438-ad2c-407532b445fa,20,Z13Z14,1.0,0.9742,0.22568641961801794,0.025800000000000045
Q-CTRL,e58d4f4a-0560-4438-ad2c-407532b445fa,20,Z14Z15,1.0,0.9742,0.22568641961801794,0.025800000000000045
Q-CTRL,e58d4f4a-0560-4438-ad2c-407532b445fa,20,Z15Z16,1.0,0.9712,0.23826573400302473,0.028800000000000048
Q-CTRL,e58d4f4a-0560-4438-ad2c-407532b445fa,20,Z16Z17,1.0,0.9578,0.2874354884143571,0.042200000000000015
Q-CTRL,e58d4f4a-0560-4438-ad2c-407532b445fa,20,Z17Z18,1.0,0.9646,0.26371734868984253,0.03539999999999999
Q-CTRL,e58d4f4a-0560-4438-ad2c-407532b445fa,20,Z18Z19,1.0,0.991,0.1338618691039387,0.009000000000000008
QESEM,df40092a-7e1c-41ab-9a52-db53914c9c70,20,XXXXXXXXXXXXXXXXXXXX,1.0,0.8678389271236773,0.08220847970357294,0.13216107287632273
QESEM,df40092a-7e1c-41ab-9a52-db53914c9c70,20,Z0Z1,1.0,1.0211605719067174,0.0013716365583762952,0.021160571906717385
QESEM,df40092a-7e1c-41ab-9a52-db53914c9c70,20,Z1Z2,1.0,1.012560640787562,0.009803539745974433,0.012560640787562027
QESEM,df40092a-7e1c-41ab-9a52-db53914c9c70,20,Z2Z3,1.0,1.0122249673264283,0.011897559456295259,0.012224967326428304
QESEM,df40092a-7e1c-41ab-9a52-db53914c9c70,20,Z3Z4,1.0,1.000715488550099,0.013587383971320715,0.0007154885500990638
QESEM,df40092a-7e1c-41ab-9a52-db53914c9c70,20,Z4Z5,1.0,0.9931604309338684,0.018151719967472297,0.00683956906613159
QESEM,df40092a-7e1c-41ab-9a52-db53914c9c70,20,Z5Z6,1.0,0.9792696306183033,0.020491294802818864,0.0207303693816967
QESEM,df40092a-7e1c-41ab-9a52-db53914c9c70,20,Z6Z7,1.0,0.9812147653723742,0.02060392318034198,0.018785234627625824
QESEM,df40092a-7e1c-41ab-9a52-db53914c9c70,20,Z7Z8,1.0,0.9985137398217347,0.022163336950158045,0.001486260178265253
QESEM,df40092a-7e1c-41ab-9a52-db53914c9c70,20,Z8Z9,1.0,0.9911013124027848,0.02775545993196248,0.008898687597215238
QESEM,df40092a-7e1c-41ab-9a52-db53914c9c70,20,Z9Z10,1.0,0.9774289644777575,0.021906846807247755,0.02257103552224249
QESEM,df40092a-7e1c-41ab-9a52-db53914c9c70,20,Z10Z11,1.0,0.9969615158204319,0.013556281186442412,0.0030384841795680906
QESEM,df40092a-7e1c-41ab-9a52-db53914c9c70,20,Z11Z12,1.0,1.001438027494717,0.013670820699435161,0.001438027494716998
QESEM,df40092a-7e1c-41ab-9a52-db53914c9c70,20,Z12Z13,1.0,1.0316550464674281,0.012253960573578427,0.031655046467428116
QESEM,df40092a-7e1c-41ab-9a52-db53914c9c70,20,Z13Z14,1.0,0.9858570238493027,0.016686151228710575,0.014142976150697262
QESEM,df40092a-7e1c-41ab-9a52-db53914c9c70,20,Z14Z15,1.0,1.009412923120093,0.027910395556321056,0.009412923120093009
QESEM,df40092a-7e1c-41ab-9a52-db53914c9c70,20,Z15Z16,1.0,1.013595681016357,0.013809959272229316,0.013595681016357108
QESEM,df40092a-7e1c-41ab-9a52-db53914c9c70,20,Z16Z17,1.0,0.9862513976459918,0.020690168926342185,0.01374860235400821
QESEM,df40092a-7e1c-41ab-9a52-db53914c9c70,20,Z17Z18,1.0,0.9879186479301618,0.01676724830060848,0.01208135206983818
QESEM,df40092a-7e1c-41ab-9a52-db53914c9c70,20,Z18Z19,1.0,1.012983602226573,0.012156936676315594,0.012983602226573021
IBM default,d8r53deab0ds73dr8phg,40,XXXXXXXXXXXXXXXXXXXXXXXXXXXXXXXXXXXXXXXX,1.0,0.16448041678295655,0.01975701484224608,0.8355195832170434
IBM default,d8r53deab0ds73dr8phg,40,Z0Z1,1.0,0.6838383838383838,0.01204504591824474,0.3161616161616162
IBM default,d8r53deab0ds73dr8phg,40,Z1Z2,1.0,0.9443960691628313,0.006276136314134035,0.05560393083716875
IBM default,d8r53deab0ds73dr8phg,40,Z2Z3,1.0,0.9519666935934878,0.0070003106152207294,0.048033306406512155
IBM default,d8r53deab0ds73dr8phg,40,Z3Z4,1.0,0.9513485611046587,0.009232681758603594,0.04865143889534129
IBM default,d8r53deab0ds73dr8phg,40,Z4Z5,1.0,0.9779269394604363,0.007371269263926795,0.022073060539563705
IBM default,d8r53deab0ds73dr8phg,40,Z5Z6,1.0,0.9387780783992953,0.0067370021236490794,0.06122192160070472
IBM default,d8r53deab0ds73dr8phg,40,Z6Z7,1.0,0.9531122159984895,0.006470202114973722,0.0468877840015105
IBM default,d8r53deab0ds73dr8phg,40,Z7Z8,1.0,0.946525060555245,0.004385257456803022,0.05347493944475501
IBM default,d8r53deab0ds73dr8phg,40,Z8Z9,1.0,0.9575155279503106,0.00426003862402929,0.042484472049689415
IBM default,d8r53deab0ds73dr8phg,40,Z9Z10,1.0,0.9558905639307649,0.005405615301565542,0.04410943606923512
IBM default,d8r53deab0ds73dr8phg,40,Z10Z11,1.0,0.9712444224095191,0.0041211831671438435,0.028755577590480863
IBM default,d8r53deab0ds73dr8phg,40,Z11Z12,1.0,0.958054107719037,0.006560896548020771,0.041945892280963015
IBM default,d8r53deab0ds73dr8phg,40,Z12Z13,1.0,0.9684577982795163,0.004673738515839564,0.03154220172048372
IBM default,d8r53deab0ds73dr8phg,40,Z13Z14,1.0,0.9643658111138799,0.005430841586063444,0.03563418888612013
IBM default,d8r53deab0ds73dr8phg,40,Z14Z15,1.0,0.9542832330500589,0.0060050197380159855,0.04571676694994109
IBM default,d8r53deab0ds73dr8phg,40,Z15Z16,1.0,0.9498602050326188,0.00451486038488687,0.05013979496738119
IBM default,d8r53deab0ds73dr8phg,40,Z16Z17,1.0,0.9685073607056339,0.005325673158838971,0.031492639294366076
IBM default,d8r53deab0ds73dr8phg,40,Z17Z18,1.0,0.9508135865866485,0.00490156710193293,0.049186413413351504
IBM default,d8r53deab0ds73dr8phg,40,Z18Z19,1.0,0.9648092027954728,0.004770954614278736,0.035190797204527224
IBM default,d8r53deab0ds73dr8phg,40,Z19Z20,1.0,0.936546484837163,0.006616571663952233,0.06345351516283704
IBM default,d8r53deab0ds73dr8phg,40,Z20Z21,1.0,0.9467159226097301,0.005789460694080241,0.05328407739026986
IBM default,d8r53deab0ds73dr8phg,40,Z21Z22,1.0,0.9598205942814427,0.005404079476776819,0.04017940571855727
IBM default,d8r53deab0ds73dr8phg,40,Z22Z23,1.0,0.9620661824051655,0.005529458540626493,0.037933817594834496
IBM default,d8r53deab0ds73dr8phg,40,Z23Z24,1.0,0.980458263095461,0.004257795192115253,0.019541736904538975
IBM default,d8r53deab0ds73dr8phg,40,Z24Z25,1.0,0.9853591676531057,0.003875746337485579,0.014640832346894284
IBM default,d8r53deab0ds73dr8phg,40,Z25Z26,1.0,0.9652109548482606,0.00473287640078594,0.03478904515173942
IBM default,d8r53deab0ds73dr8phg,40,Z26Z27,1.0,0.9706118913568026,0.003950368209593468,0.029388108643197408
IBM default,d8r53deab0ds73dr8phg,40,Z27Z28,1.0,0.9755366949575637,0.004152177156131391,0.024463305042436323
IBM default,d8r53deab0ds73dr8phg,40,Z28Z29,1.0,0.977359673878959,0.005066289291680697,0.022640326121041054
IBM default,d8r53deab0ds73dr8phg,40,Z29Z30,1.0,0.9705147426286856,0.0058780719166037524,0.029485257371314355
IBM default,d8r53deab0ds73dr8phg,40,Z30Z31,1.0,0.9945219123505976,0.002470833525493231,0.005478087649402386
IBM default,d8r53deab0ds73dr8phg,40,Z31Z32,1.0,0.9689734502269477,0.0050696614496115915,0.031026549773052303
IBM default,d8r53deab0ds73dr8phg,40,Z32Z33,1.0,0.9750527491622192,0.004425981970847727,0.02494725083778082
IBM default,d8r53deab0ds73dr8phg,40,Z33Z34,1.0,0.9733011212290157,0.004292942175486895,0.026698878770984313
IBM default,d8r53deab0ds73dr8phg,40,Z34Z35,1.0,0.9787444389520514,0.004701853758628186,0.021255561047948568
IBM default,d8r53deab0ds73dr8phg,40,Z35Z36,1.0,0.9666790536355754,0.005391814405391249,0.03332094636442462
IBM default,d8r53deab0ds73dr8phg,40,Z36Z37,1.0,0.9841941505911637,0.0038617512203359865,0.015805849408836337
IBM default,d8r53deab0ds73dr8phg,40,Z37Z38,1.0,0.9894045479893426,0.003333310979159258,0.010595452010657369
IBM default,d8r53deab0ds73dr8phg,40,Z38Z39,1.0,0.9940127152644899,0.0033318730891458274,0.005987284735510134
Q-CTRL,2d258c03-4265-4ee9-b1a8-b974a14e047e,40,XXXXXXXXXXXXXXXXXXXXXXXXXXXXXXXXXXXXXXXX,1.0,0.3164,0.9486258693499772,0.6836
Q-CTRL,2d258c03-4265-4ee9-b1a8-b974a14e047e,40,Z0Z1,1.0,0.9076,0.41983596796844364,0.09240000000000004
Q-CTRL,2d258c03-4265-4ee9-b1a8-b974a14e047e,40,Z1Z2,1.0,0.8878,0.4602294645065653,0.11219999999999997
Q-CTRL,2d258c03-4265-4ee9-b1a8-b974a14e047e,40,Z2Z3,1.0,0.9442,0.3293726764623925,0.05579999999999996
Q-CTRL,2d258c03-4265-4ee9-b1a8-b974a14e047e,40,Z3Z4,1.0,0.938,0.3466352549871408,0.062000000000000055
Q-CTRL,2d258c03-4265-4ee9-b1a8-b974a14e047e,40,Z4Z5,1.0,0.9556,0.29466699849151756,0.044399999999999995
Q-CTRL,2d258c03-4265-4ee9-b1a8-b974a14e047e,40,Z5Z6,1.0,0.9334,0.3588376234454798,0.06659999999999999
Q-CTRL,2d258c03-4265-4ee9-b1a8-b974a14e047e,40,Z6Z7,1.0,0.9516,0.30733929133776566,0.0484
Q-CTRL,2d258c03-4265-4ee9-b1a8-b974a14e047e,40,Z7Z8,1.0,0.946,0.3241666238217625,0.05400000000000005
Q-CTRL,2d258c03-4265-4ee9-b1a8-b974a14e047e,40,Z8Z9,1.0,0.9568,0.29074690024142996,0.043200000000000016
Q-CTRL,2d258c03-4265-4ee9-b1a8-b974a14e047e,40,Z9Z10,1.0,0.9476,0.31945929318146304,0.0524
Q-CTRL,2d258c03-4265-4ee9-b1a8-b974a14e047e,40,Z10Z11,1.0,0.9556,0.29466699849151756,0.044399999999999995
Q-CTRL,2d258c03-4265-4ee9-b1a8-b974a14e047e,40,Z11Z12,1.0,0.947,0.32123355989061936,0.05300000000000005
Q-CTRL,2d258c03-4265-4ee9-b1a8-b974a14e047e,40,Z12Z13,1.0,0.9428,0.3333589056857489,0.05720000000000003
Q-CTRL,2d258c03-4265-4ee9-b1a8-b974a14e047e,40,Z13Z14,1.0,0.9344,0.3562255465291618,0.06559999999999999
Q-CTRL,2d258c03-4265-4ee9-b1a8-b974a14e047e,40,Z14Z15,1.0,0.9374,0.3482545620663137,0.06259999999999999
Q-CTRL,2d258c03-4265-4ee9-b1a8-b974a14e047e,40,Z15Z16,1.0,0.9002,0.43547670431379,0.0998
Q-CTRL,2d258c03-4265-4ee9-b1a8-b974a14e047e,40,Z16Z17,1.0,0.9276,0.37357494562671095,0.07240000000000002
Q-CTRL,2d258c03-4265-4ee9-b1a8-b974a14e047e,40,Z17Z18,1.0,0.959,0.28340606909521193,0.041000000000000036
Q-CTRL,2d258c03-4265-4ee9-b1a8-b974a14e047e,40,Z18Z19,1.0,0.9684,0.24940216518707278,0.03159999999999996
Q-CTRL,2d258c03-4265-4ee9-b1a8-b974a14e047e,40,Z19Z20,1.0,0.9296,0.3685699933526874,0.07040000000000002
Q-CTRL,2d258c03-4265-4ee9-b1a8-b974a14e047e,40,Z20Z21,1.0,0.9206,0.39050690134746663,0.07940000000000003
Q-CTRL,2d258c03-4265-4ee9-b1a8-b974a14e047e,40,Z21Z22,1.0,0.959,0.28340606909521193,0.041000000000000036
Q-CTRL,2d258c03-4265-4ee9-b1a8-b974a14e047e,40,Z22Z23,1.0,0.963,0.26950139146208524,0.03700000000000003
Q-CTRL,2d258c03-4265-4ee9-b1a8-b974a14e047e,40,Z23Z24,1.0,0.957,0.2900879177077185,0.04300000000000004
Q-CTRL,2d258c03-4265-4ee9-b1a8-b974a14e047e,40,Z24Z25,1.0,0.9758,0.21866494918024687,0.0242
Q-CTRL,2d258c03-4265-4ee9-b1a8-b974a14e047e,40,Z25Z26,1.0,0.9694,0.24548653730907516,0.03059999999999996
Q-CTRL,2d258c03-4265-4ee9-b1a8-b974a14e047e,40,Z26Z27,1.0,0.9346,0.3557004919872898,0.06540000000000001
Q-CTRL,2d258c03-4265-4ee9-b1a8-b974a14e047e,40,Z27Z28,1.0,0.9274,0.37407116969902926,0.0726
Q-CTRL,2d258c03-4265-4ee9-b1a8-b974a14e047e,40,Z28Z29,1.0,0.9646,0.26371734868984253,0.03539999999999999
Q-CTRL,2d258c03-4265-4ee9-b1a8-b974a14e047e,40,Z29Z30,1.0,0.9554,0.29531481507029056,0.04459999999999997
Q-CTRL,2d258c03-4265-4ee9-b1a8-b974a14e047e,40,Z30Z31,1.0,0.9586,0.2847561061680679,0.04139999999999999
Q-CTRL,2d258c03-4265-4ee9-b1a8-b974a14e047e,40,Z31Z32,1.0,0.9694,0.24548653730907516,0.03059999999999996
Q-CTRL,2d258c03-4265-4ee9-b1a8-b974a14e047e,40,Z32Z33,1.0,0.9732,0.2299603444074654,0.026800000000000046
Q-CTRL,2d258c03-4265-4ee9-b1a8-b974a14e047e,40,Z33Z34,1.0,0.9604,0.27862490915207117,0.03959999999999997
Q-CTRL,2d258c03-4265-4ee9-b1a8-b974a14e047e,40,Z34Z35,1.0,0.9688,0.24784382179106265,0.031200000000000006
Q-CTRL,2d258c03-4265-4ee9-b1a8-b974a14e047e,40,Z35Z36,1.0,0.9604,0.27862490915207117,0.03959999999999997
Q-CTRL,2d258c03-4265-4ee9-b1a8-b974a14e047e,40,Z36Z37,1.0,0.9736,0.22826090335403473,0.02639999999999998
Q-CTRL,2d258c03-4265-4ee9-b1a8-b974a14e047e,40,Z37Z38,1.0,0.9714,0.23744902610876278,0.02859999999999996
Q-CTRL,2d258c03-4265-4ee9-b1a8-b974a14e047e,40,Z38Z39,1.0,0.9872,0.15948717816802715,0.012800000000000034
QESEM,518b77c3-3b69-4c60-b390-9308f132a927,40,XXXXXXXXXXXXXXXXXXXXXXXXXXXXXXXXXXXXXXXX,1.0,1.1820420909729386,0.2496533416386982,0.18204209097293855
QESEM,518b77c3-3b69-4c60-b390-9308f132a927,40,Z0Z1,1.0,0.9917486756907717,0.011930608268653806,0.008251324309228258
QESEM,518b77c3-3b69-4c60-b390-9308f132a927,40,Z1Z2,1.0,1.0049580985939892,0.011986176068524942,0.004958098593989213
QESEM,518b77c3-3b69-4c60-b390-9308f132a927,40,Z2Z3,1.0,1.0048659471955006,0.013857584844601655,0.004865947195500597
QESEM,518b77c3-3b69-4c60-b390-9308f132a927,40,Z3Z4,1.0,1.002191621631178,0.015464538847606199,0.00219162163117792
QESEM,518b77c3-3b69-4c60-b390-9308f132a927,40,Z4Z5,1.0,1.0120365786597583,0.011952852699214266,0.012036578659758268
QESEM,518b77c3-3b69-4c60-b390-9308f132a927,40,Z5Z6,1.0,1.0068318800065286,0.013908188823324544,0.006831880006528568
QESEM,518b77c3-3b69-4c60-b390-9308f132a927,40,Z6Z7,1.0,1.0073492802872495,0.013755714613891737,0.00734928028724946
QESEM,518b77c3-3b69-4c60-b390-9308f132a927,40,Z7Z8,1.0,1.0241524443222025,0.01577878855576646,0.024152444322202538
QESEM,518b77c3-3b69-4c60-b390-9308f132a927,40,Z8Z9,1.0,1.0092423378837692,0.01988049542083894,0.009242337883769158
QESEM,518b77c3-3b69-4c60-b390-9308f132a927,40,Z9Z10,1.0,1.0280357341633188,0.024398774066390183,0.028035734163318837
QESEM,518b77c3-3b69-4c60-b390-9308f132a927,40,Z10Z11,1.0,0.9693310058520501,0.031234272068573498,0.03066899414794988
QESEM,518b77c3-3b69-4c60-b390-9308f132a927,40,Z11Z12,1.0,0.9853692944653274,0.018015519542633727,0.014630705534672606
QESEM,518b77c3-3b69-4c60-b390-9308f132a927,40,Z12Z13,1.0,1.0319851663042026,0.009881843579587732,0.03198516630420256
QESEM,518b77c3-3b69-4c60-b390-9308f132a927,40,Z13Z14,1.0,0.9635691237900579,0.031169470684886763,0.03643087620994212
QESEM,518b77c3-3b69-4c60-b390-9308f132a927,40,Z14Z15,1.0,1.0063472809627314,0.03376593290615963,0.006347280962731405
QESEM,518b77c3-3b69-4c60-b390-9308f132a927,40,Z15Z16,1.0,1.0074664345240107,0.019838023896356718,0.0074664345240107455
QESEM,518b77c3-3b69-4c60-b390-9308f132a927,40,Z16Z17,1.0,1.0305120007577742,0.018878698226564513,0.03051200075777416
QESEM,518b77c3-3b69-4c60-b390-9308f132a927,40,Z17Z18,1.0,0.9986064846485126,0.02097355934937726,0.001393515351487351
QESEM,518b77c3-3b69-4c60-b390-9308f132a927,40,Z18Z19,1.0,0.9779221891582028,0.025324899554300322,0.022077810841797163
QESEM,518b77c3-3b69-4c60-b390-9308f132a927,40,Z19Z20,1.0,1.0155292199177632,0.023853909644406025,0.015529219917763237
QESEM,518b77c3-3b69-4c60-b390-9308f132a927,40,Z20Z21,1.0,1.026522356956698,0.009901847900158222,0.026522356956697912
QESEM,518b77c3-3b69-4c60-b390-9308f132a927,40,Z21Z22,1.0,0.9987426381368293,0.016902367507944244,0.001257361863170714
QESEM,518b77c3-3b69-4c60-b390-9308f132a927,40,Z22Z23,1.0,1.0122298508118994,0.013759291942618462,0.012229850811899423
QESEM,518b77c3-3b69-4c60-b390-9308f132a927,40,Z23Z24,1.0,1.0033264294122084,0.02351803634480826,0.003326429412208398
QESEM,518b77c3-3b69-4c60-b390-9308f132a927,40,Z24Z25,1.0,1.0333896741209425,0.02644898214012799,0.033389674120942514
QESEM,518b77c3-3b69-4c60-b390-9308f132a927,40,Z25Z26,1.0,1.0358579100910603,0.03300298967919606,0.03585791009106032
QESEM,518b77c3-3b69-4c60-b390-9308f132a927,40,Z26Z27,1.0,1.018314966507539,0.029836658273543037,0.018314966507539054
QESEM,518b77c3-3b69-4c60-b390-9308f132a927,40,Z27Z28,1.0,0.9953148761826192,0.02102809487041605,0.004685123817380843
QESEM,518b77c3-3b69-4c60-b390-9308f132a927,40,Z28Z29,1.0,1.0444728270434251,0.007038165113147851,0.044472827043425145
QESEM,518b77c3-3b69-4c60-b390-9308f132a927,40,Z29Z30,1.0,0.9810014200908167,0.021759456863242956,0.0189985799091833
QESEM,518b77c3-3b69-4c60-b390-9308f132a927,40,Z30Z31,1.0,0.9670878935016579,0.02459843413800106,0.032912106498342086
QESEM,518b77c3-3b69-4c60-b390-9308f132a927,40,Z31Z32,1.0,1.0541766999457234,0.022375565689109454,0.05417669994572338
QESEM,518b77c3-3b69-4c60-b390-9308f132a927,40,Z32Z33,1.0,1.001145348135381,0.030069503617395552,0.0011453481353809192
QESEM,518b77c3-3b69-4c60-b390-9308f132a927,40,Z33Z34,1.0,1.012252383620507,0.024765199402184655,0.012252383620507068
QESEM,518b77c3-3b69-4c60-b390-9308f132a927,40,Z34Z35,1.0,1.0009183823202972,0.024829106704877837,0.000918382320297173
QESEM,518b77c3-3b69-4c60-b390-9308f132a927,40,Z35Z36,1.0,1.012967532729721,0.021324474516970268,0.012967532729720954
QESEM,518b77c3-3b69-4c60-b390-9308f132a927,40,Z36Z37,1.0,0.9918173493448659,0.019603262176881547,0.008182650655134127
QESEM,518b77c3-3b69-4c60-b390-9308f132a927,40,Z37Z38,1.0,1.018646784433956,0.017167359826581113,0.018646784433955954
QESEM,518b77c3-3b69-4c60-b390-9308f132a927,40,Z38Z39,1.0,0.9887660957467267,0.021965051359297702,0.011233904253273308
IBM default,d8rf4dmab0ds73drk25g,60,XXXXXXXXXXXXXXXXXXXXXXXXXXXXXXXXXXXXXXXXXXXXXXXXXXXXXXXXXXXX,1.0,0.2425253789459046,0.03226165767708981,0.7574746210540955
IBM default,d8rf4dmab0ds73drk25g,60,Z0Z1,1.0,0.9094862396719886,0.006336376513887847,0.0905137603280114
IBM default,d8rf4dmab0ds73drk25g,60,Z1Z2,1.0,0.9153340771042519,0.006800935956995398,0.08466592289574815
IBM default,d8rf4dmab0ds73drk25g,60,Z2Z3,1.0,0.9362549800796812,0.006065484884094153,0.06374501992031878
IBM default,d8rf4dmab0ds73drk25g,60,Z3Z4,1.0,0.9247945806937213,0.006685886672829144,0.07520541930627866
IBM default,d8rf4dmab0ds73drk25g,60,Z4Z5,1.0,0.9138989848351924,0.006467866673726325,0.08610101516480761
IBM default,d8rf4dmab0ds73drk25g,60,Z5Z6,1.0,0.9164009254048646,0.007701898268716213,0.08359907459513538
IBM default,d8rf4dmab0ds73drk25g,60,Z6Z7,1.0,0.9102642483526935,0.01039176142822153,0.08973575164730652
IBM default,d8rf4dmab0ds73drk25g,60,Z7Z8,1.0,0.9709318120076066,0.008085072875402019,0.029068187992393413
IBM default,d8rf4dmab0ds73drk25g,60,Z8Z9,1.0,0.9390622033791053,0.008300249053508638,0.06093779662089471
IBM default,d8rf4dmab0ds73drk25g,60,Z9Z10,1.0,0.9582827572989203,0.007334966175413399,0.04171724270107968
IBM default,d8rf4dmab0ds73drk25g,60,Z10Z11,1.0,0.9312543400037876,0.006442422927871921,0.0687456599962124
IBM default,d8rf4dmab0ds73drk25g,60,Z11Z12,1.0,0.9143859209619841,0.0067657531586461485,0.08561407903801588
IBM default,d8rf4dmab0ds73drk25g,60,Z12Z13,1.0,0.9405796182383157,0.006810569449283068,0.05942038176168429
IBM default,d8rf4dmab0ds73drk25g,60,Z13Z14,1.0,0.9579238131945783,0.0076124605000295375,0.04207618680542169
IBM default,d8rf4dmab0ds73drk25g,60,Z14Z15,1.0,0.9563499649525266,0.005611455792878266,0.043650035047473446
IBM default,d8rf4dmab0ds73drk25g,60,Z15Z16,1.0,0.9419709854927464,0.006888001069381774,0.05802901450725362
IBM default,d8rf4dmab0ds73drk25g,60,Z16Z17,1.0,0.9411177021542304,0.006561746104507579,0.05888229784576959
IBM default,d8rf4dmab0ds73drk25g,60,Z17Z18,1.0,0.9482737130749096,0.006356969507398844,0.0517262869250904
IBM default,d8rf4dmab0ds73drk25g,60,Z18Z19,1.0,0.9469043035459231,0.0047594030142125675,0.05309569645407686
IBM default,d8rf4dmab0ds73drk25g,60,Z19Z20,1.0,0.9611977542108546,0.0054653829658971136,0.03880224578914537
IBM default,d8rf4dmab0ds73drk25g,60,Z20Z21,1.0,0.9363286583095445,0.006615133125377594,0.06367134169045552
IBM default,d8rf4dmab0ds73drk25g,60,Z21Z22,1.0,0.9326335288669343,0.00678307645008525,0.06736647113306571
IBM default,d8rf4dmab0ds73drk25g,60,Z22Z23,1.0,0.9530757341576507,0.0054273534496561,0.04692426584234932
IBM default,d8rf4dmab0ds73drk25g,60,Z23Z24,1.0,0.9379173880781598,0.005871840171971001,0.06208261192184017
IBM default,d8rf4dmab0ds73drk25g,60,Z24Z25,1.0,0.9483974755599555,0.005158310858049951,0.05160252444004454
IBM default,d8rf4dmab0ds73drk25g,60,Z25Z26,1.0,0.9638911178322326,0.005099314942654813,0.03610888216776742
IBM default,d8rf4dmab0ds73drk25g,60,Z26Z27,1.0,0.9345887016848364,0.006742378019297243,0.06541129831516357
IBM default,d8rf4dmab0ds73drk25g,60,Z27Z28,1.0,0.9490664295694144,0.0064726891379079735,0.05093357043058555
IBM default,d8rf4dmab0ds73drk25g,60,Z28Z29,1.0,0.9790333818964971,0.00617062261695417,0.020966618103502865
IBM default,d8rf4dmab0ds73drk25g,60,Z29Z30,1.0,0.9575193798449613,0.0062864224965468495,0.04248062015503873
IBM default,d8rf4dmab0ds73drk25g,60,Z30Z31,1.0,0.9605,0.006009143948650712,0.03949999999999998
IBM default,d8rf4dmab0ds73drk25g,60,Z31Z32,1.0,0.9742855363925036,0.005416340051827243,0.025714463607496407
IBM default,d8rf4dmab0ds73drk25g,60,Z32Z33,1.0,0.966707768187423,0.004842155741432954,0.03329223181257701
IBM default,d8rf4dmab0ds73drk25g,60,Z33Z34,1.0,0.9736760606999071,0.004680749231205655,0.026323939300092913
IBM default,d8rf4dmab0ds73drk25g,60,Z34Z35,1.0,0.9667869137952482,0.004691361828450724,0.03321308620475183
IBM default,d8rf4dmab0ds73drk25g,60,Z35Z36,1.0,0.967673621924634,0.00439059431109153,0.03232637807536598
IBM default,d8rf4dmab0ds73drk25g,60,Z36Z37,1.0,0.9616101379053299,0.005490520055355808,0.0383898620946701
IBM default,d8rf4dmab0ds73drk25g,60,Z37Z38,1.0,0.9771219542439085,0.004590342392839169,0.022878045756091536
IBM default,d8rf4dmab0ds73drk25g,60,Z38Z39,1.0,0.9634002361275088,0.005924958364226298,0.0365997638724912
IBM default,d8rf4dmab0ds73drk25g,60,Z39Z40,1.0,0.9703142466774314,0.0052833099474245936,0.02968575332256862
IBM default,d8rf4dmab0ds73drk25g,60,Z40Z41,1.0,0.9268869392072677,0.006585843287194175,0.07311306079273228
IBM default,d8rf4dmab0ds73drk25g,60,Z41Z42,1.0,0.9323232323232323,0.006509878979255603,0.06767676767676767
IBM default,d8rf4dmab0ds73drk25g,60,Z42Z43,1.0,0.9548111369492803,0.006155088531247538,0.045188863050719674
IBM default,d8rf4dmab0ds73drk25g,60,Z43Z44,1.0,0.9817127002144028,0.005402118641674824,0.018287299785597178
IBM default,d8rf4dmab0ds73drk25g,60,Z44Z45,1.0,0.9828643692696807,0.005653484303455789,0.017135630730319318
IBM default,d8rf4dmab0ds73drk25g,60,Z45Z46,1.0,0.9684925476385133,0.005538659839398856,0.031507452361486665
IBM default,d8rf4dmab0ds73drk25g,60,Z46Z47,1.0,0.922040922040922,0.007391787832699151,0.07795907795907797
IBM default,d8rf4dmab0ds73drk25g,60,Z47Z48,1.0,0.9487884406367879,0.005813362118103233,0.05121155936321209
IBM default,d8rf4dmab0ds73drk25g,60,Z48Z49,1.0,0.9754525167369205,0.0038312441151092664,0.02454748326307954
IBM default,d8rf4dmab0ds73drk25g,60,Z49Z50,1.0,0.9770954562337502,0.004335079531269932,0.02290454376624984
IBM default,d8rf4dmab0ds73drk25g,60,Z50Z51,1.0,0.9751268407375325,0.004233552952464216,0.02487315926246747
IBM default,d8rf4dmab0ds73drk25g,60,Z51Z52,1.0,0.9885470191295734,0.003804269638545626,0.011452980870426566
IBM default,d8rf4dmab0ds73drk25g,60,Z52Z53,1.0,0.9757627229372182,0.007330236659448939,0.02423727706278178
IBM default,d8rf4dmab0ds73drk25g,60,Z53Z54,1.0,1.0114158246949219,0.007140603226354165,0.011415824694921861
IBM default,d8rf4dmab0ds73drk25g,60,Z54Z55,1.0,0.9797540678176624,0.005435568510130143,0.02024593218233761
IBM default,d8rf4dmab0ds73drk25g,60,Z55Z56,1.0,0.9827340800792128,0.0043256721390984455,0.017265919920787187
IBM default,d8rf4dmab0ds73drk25g,60,Z56Z57,1.0,0.9893887682283586,0.0036665241762992608,0.01061123177164136
IBM default,d8rf4dmab0ds73drk25g,60,Z57Z58,1.0,0.9924514292785547,0.003154445648512763,0.007548570721445325
IBM default,d8rf4dmab0ds73drk25g,60,Z58Z59,1.0,0.9811836303794325,0.0038693002320557925,0.01881636962056754
Q-CTRL,db75adbd-1537-4e7b-8d57-1e6839d2c08f,60,XXXXXXXXXXXXXXXXXXXXXXXXXXXXXXXXXXXXXXXXXXXXXXXXXXXXXXXXXXXX,1.0,0.139,0.990292381067329,0.861
Q-CTRL,db75adbd-1537-4e7b-8d57-1e6839d2c08f,60,Z0Z1,1.0,0.8678,0.49691363434705627,0.13219999999999998
Q-CTRL,db75adbd-1537-4e7b-8d57-1e6839d2c08f,60,Z1Z2,1.0,0.8814,0.4723706595460815,0.11860000000000004
Q-CTRL,db75adbd-1537-4e7b-8d57-1e6839d2c08f,60,Z2Z3,1.0,0.9226,0.38575800704586816,0.07740000000000002
Q-CTRL,db75adbd-1537-4e7b-8d57-1e6839d2c08f,60,Z3Z4,1.0,0.9248,0.38045362398063715,0.07520000000000004
Q-CTRL,db75adbd-1537-4e7b-8d57-1e6839d2c08f,60,Z4Z5,1.0,0.9082,0.41853645002556233,0.09179999999999999
Q-CTRL,db75adbd-1537-4e7b-8d57-1e6839d2c08f,60,Z5Z6,1.0,0.9318,0.36297212014147867,0.06820000000000004
Q-CTRL,db75adbd-1537-4e7b-8d57-1e6839d2c08f,60,Z6Z7,1.0,0.914,0.4057141851106515,0.08599999999999997
Q-CTRL,db75adbd-1537-4e7b-8d57-1e6839d2c08f,60,Z7Z8,1.0,0.9024,0.4308993385931336,0.09760000000000002
Q-CTRL,db75adbd-1537-4e7b-8d57-1e6839d2c08f,60,Z8Z9,1.0,0.8856,0.46444874851806833,0.11439999999999995
Q-CTRL,db75adbd-1537-4e7b-8d57-1e6839d2c08f,60,Z9Z10,1.0,0.921,0.3895625752045491,0.07899999999999996
Q-CTRL,db75adbd-1537-4e7b-8d57-1e6839d2c08f,60,Z10Z11,1.0,0.9068,0.42156109877454295,0.09319999999999995
Q-CTRL,db75adbd-1537-4e7b-8d57-1e6839d2c08f,60,Z11Z12,1.0,0.9382,0.3460935711624819,0.061799999999999966
Q-CTRL,db75adbd-1537-4e7b-8d57-1e6839d2c08f,60,Z12Z13,1.0,0.8908,0.4543955985702325,0.10919999999999996
Q-CTRL,db75adbd-1537-4e7b-8d57-1e6839d2c08f,60,Z13Z14,1.0,0.932,0.362458273460546,0.06799999999999995
Q-CTRL,db75adbd-1537-4e7b-8d57-1e6839d2c08f,60,Z14Z15,1.0,0.9356,0.3530618076201389,0.06440000000000001
Q-CTRL,db75adbd-1537-4e7b-8d57-1e6839d2c08f,60,Z15Z16,1.0,0.9434,0.3316571120901826,0.056599999999999984
Q-CTRL,db75adbd-1537-4e7b-8d57-1e6839d2c08f,60,Z16Z17,1.0,0.9322,0.36194358676456734,0.06779999999999997
Q-CTRL,db75adbd-1537-4e7b-8d57-1e6839d2c08f,60,Z17Z18,1.0,0.9018,0.432153630090041,0.09819999999999995
Q-CTRL,db75adbd-1537-4e7b-8d57-1e6839d2c08f,60,Z18Z19,1.0,0.91,0.41460824883255754,0.08999999999999997
Q-CTRL,db75adbd-1537-4e7b-8d57-1e6839d2c08f,60,Z19Z20,1.0,0.9368,0.34986534552596094,0.06320000000000003
Q-CTRL,db75adbd-1537-4e7b-8d57-1e6839d2c08f,60,Z20Z21,1.0,0.9306,0.3660377576152494,0.06940000000000002
Q-CTRL,db75adbd-1537-4e7b-8d57-1e6839d2c08f,60,Z21Z22,1.0,0.945,0.3270703288285259,0.05500000000000005
Q-CTRL,db75adbd-1537-4e7b-8d57-1e6839d2c08f,60,Z22Z23,1.0,0.91,0.41460824883255754,0.08999999999999997
Q-CTRL,db75adbd-1537-4e7b-8d57-1e6839d2c08f,60,Z23Z24,1.0,0.9044,0.42668564541123244,0.09560000000000002
Q-CTRL,db75adbd-1537-4e7b-8d57-1e6839d2c08f,60,Z24Z25,1.0,0.92,0.39191835884530846,0.07999999999999996
Q-CTRL,db75adbd-1537-4e7b-8d57-1e6839d2c08f,60,Z25Z26,1.0,0.9494,0.31406948275819463,0.05059999999999998
Q-CTRL,db75adbd-1537-4e7b-8d57-1e6839d2c08f,60,Z26Z27,1.0,0.943,0.3327927282859408,0.05700000000000005
Q-CTRL,db75adbd-1537-4e7b-8d57-1e6839d2c08f,60,Z27Z28,1.0,0.9432,0.33222546561032895,0.05679999999999996
Q-CTRL,db75adbd-1537-4e7b-8d57-1e6839d2c08f,60,Z28Z29,1.0,0.9318,0.36297212014147867,0.06820000000000004
Q-CTRL,db75adbd-1537-4e7b-8d57-1e6839d2c08f,60,Z29Z30,1.0,0.9512,0.308575047597825,0.048799999999999955
Q-CTRL,db75adbd-1537-4e7b-8d57-1e6839d2c08f,60,Z30Z31,1.0,0.9056,0.4241328093887574,0.09440000000000004
Q-CTRL,db75adbd-1537-4e7b-8d57-1e6839d2c08f,60,Z31Z32,1.0,0.8918,0.45242983986470203,0.10819999999999996
Q-CTRL,db75adbd-1537-4e7b-8d57-1e6839d2c08f,60,Z32Z33,1.0,0.9168,0.39934666644408107,0.08320000000000005
Q-CTRL,db75adbd-1537-4e7b-8d57-1e6839d2c08f,60,Z33Z34,1.0,0.9418,0.3361737050990158,0.05820000000000003
Q-CTRL,db75adbd-1537-4e7b-8d57-1e6839d2c08f,60,Z34Z35,1.0,0.928,0.3725801927102405,0.07199999999999995
Q-CTRL,db75adbd-1537-4e7b-8d57-1e6839d2c08f,60,Z35Z36,1.0,0.9606,0.2779345966230184,0.03939999999999999
Q-CTRL,db75adbd-1537-4e7b-8d57-1e6839d2c08f,60,Z36Z37,1.0,0.9568,0.29074690024142996,0.043200000000000016
Q-CTRL,db75adbd-1537-4e7b-8d57-1e6839d2c08f,60,Z37Z38,1.0,0.975,0.22220486043288984,0.025000000000000022
Q-CTRL,db75adbd-1537-4e7b-8d57-1e6839d2c08f,60,Z38Z39,1.0,0.9314,0.36399730768235083,0.0686
Q-CTRL,db75adbd-1537-4e7b-8d57-1e6839d2c08f,60,Z39Z40,1.0,0.913,0.40795955681905516,0.08699999999999997
Q-CTRL,db75adbd-1537-4e7b-8d57-1e6839d2c08f,60,Z40Z41,1.0,0.9568,0.29074690024142996,0.043200000000000016
Q-CTRL,db75adbd-1537-4e7b-8d57-1e6839d2c08f,60,Z41Z42,1.0,0.9724,0.23332003771643783,0.027599999999999958
Q-CTRL,db75adbd-1537-4e7b-8d57-1e6839d2c08f,60,Z42Z43,1.0,0.9582,0.2860992135606106,0.04179999999999995
Q-CTRL,db75adbd-1537-4e7b-8d57-1e6839d2c08f,60,Z43Z44,1.0,0.9614,0.2751545747393634,0.03859999999999997
Q-CTRL,db75adbd-1537-4e7b-8d57-1e6839d2c08f,60,Z44Z45,1.0,0.9526,0.3042256399450907,0.0474
Q-CTRL,db75adbd-1537-4e7b-8d57-1e6839d2c08f,60,Z45Z46,1.0,0.958,0.28676819907374684,0.04200000000000004
Q-CTRL,db75adbd-1537-4e7b-8d57-1e6839d2c08f,60,Z46Z47,1.0,0.9484,0.31707639458023357,0.05159999999999998
Q-CTRL,db75adbd-1537-4e7b-8d57-1e6839d2c08f,60,Z47Z48,1.0,0.9494,0.31406948275819463,0.05059999999999998
Q-CTRL,db75adbd-1537-4e7b-8d57-1e6839d2c08f,60,Z48Z49,1.0,0.94,0.3411744421846397,0.06000000000000005
Q-CTRL,db75adbd-1537-4e7b-8d57-1e6839d2c08f,60,Z49Z50,1.0,0.9596,0.2813678019958929,0.04039999999999999
Q-CTRL,db75adbd-1537-4e7b-8d57-1e6839d2c08f,60,Z50Z51,1.0,0.9696,0.24469540249052496,0.030399999999999983
Q-CTRL,db75adbd-1537-4e7b-8d57-1e6839d2c08f,60,Z51Z52,1.0,0.9738,0.22740615646899281,0.0262
Q-CTRL,db75adbd-1537-4e7b-8d57-1e6839d2c08f,60,Z52Z53,1.0,0.9516,0.30733929133776566,0.0484
Q-CTRL,db75adbd-1537-4e7b-8d57-1e6839d2c08f,60,Z53Z54,1.0,0.8994,0.4371265720589404,0.10060000000000002
Q-CTRL,db75adbd-1537-4e7b-8d57-1e6839d2c08f,60,Z54Z55,1.0,0.8978,0.44040340598137967,0.10219999999999996
Q-CTRL,db75adbd-1537-4e7b-8d57-1e6839d2c08f,60,Z55Z56,1.0,0.967,0.25477637253089236,0.03300000000000003
Q-CTRL,db75adbd-1537-4e7b-8d57-1e6839d2c08f,60,Z56Z57,1.0,0.974,0.22654800815721166,0.026000000000000023
Q-CTRL,db75adbd-1537-4e7b-8d57-1e6839d2c08f,60,Z57Z58,1.0,0.9706,0.24069823431010032,0.02939999999999998
Q-CTRL,db75adbd-1537-4e7b-8d57-1e6839d2c08f,60,Z58Z59,1.0,0.9614,0.2751545747393634,0.03859999999999997
IBM default,d8ri28i01fac73d4c7v0,80,XXXXXXXXXXXXXXXXXXXXXXXXXXXXXXXXXXXXXXXXXXXXXXXXXXXXXXXXXXXXXXXXXXXXXXXXXXXXXXXX,1.0,-0.036211699164345405,0.04570754403905252,1.0362116991643453
IBM default,d8ri28i01fac73d4c7v0,80,Z0Z1,1.0,0.9303263197681744,0.007049524308012599,0.06967368023182563
IBM default,d8ri28i01fac73d4c7v0,80,Z1Z2,1.0,0.9273570324574961,0.006718228399783326,0.07264296754250388
IBM default,d8ri28i01fac73d4c7v0,80,Z2Z3,1.0,0.9101172383847156,0.006359935652850387,0.08988276161528441
IBM default,d8ri28i01fac73d4c7v0,80,Z3Z4,1.0,0.8870502695248841,0.008738418517002505,0.11294973047511592
IBM default,d8ri28i01fac73d4c7v0,80,Z4Z5,1.0,0.8738484677570972,0.00822266361465451,0.12615153224290276
IBM default,d8ri28i01fac73d4c7v0,80,Z5Z6,1.0,0.8910581315311933,0.007398612194172869,0.10894186846880671
IBM default,d8ri28i01fac73d4c7v0,80,Z6Z7,1.0,0.8938823045831336,0.01247433478964492,0.10611769541686644
IBM default,d8ri28i01fac73d4c7v0,80,Z7Z8,1.0,0.9483915126625599,0.011655423866008423,0.05160848733744006
IBM default,d8ri28i01fac73d4c7v0,80,Z8Z9,1.0,0.9054054054054054,0.00839036060604207,0.09459459459459463
IBM default,d8ri28i01fac73d4c7v0,80,Z9Z10,1.0,0.9269470207089315,0.007230848798361822,0.07305297929106846
IBM default,d8ri28i01fac73d4c7v0,80,Z10Z11,1.0,0.9300792393026941,0.007044447395652132,0.0699207606973059
IBM default,d8ri28i01fac73d4c7v0,80,Z11Z12,1.0,0.9144146968461973,0.007812336252457836,0.08558530315380275
IBM default,d8ri28i01fac73d4c7v0,80,Z12Z13,1.0,0.9396600745561382,0.007329642206591385,0.0603399254438618
IBM default,d8ri28i01fac73d4c7v0,80,Z13Z14,1.0,0.9313417526764536,0.00781801713039753,0.06865824732354642
IBM default,d8ri28i01fac73d4c7v0,80,Z14Z15,1.0,0.8372569089048106,0.008244874395660623,0.16274309109518936
IBM default,d8ri28i01fac73d4c7v0,80,Z15Z16,1.0,0.8453530665997743,0.008862294840580992,0.15464693340022573
IBM default,d8ri28i01fac73d4c7v0,80,Z16Z17,1.0,0.9317067035593007,0.00732396537219294,0.06829329644069926
IBM default,d8ri28i01fac73d4c7v0,80,Z17Z18,1.0,0.9260627308583235,0.00744403243002459,0.07393726914167653
IBM default,d8ri28i01fac73d4c7v0,80,Z18Z19,1.0,0.914541609652942,0.00656037413480311,0.08545839034705804
IBM default,d8ri28i01fac73d4c7v0,80,Z19Z20,1.0,0.9378466245936126,0.007856681416384199,0.062153375406387434
IBM default,d8ri28i01fac73d4c7v0,80,Z20Z21,1.0,0.9149084457961097,0.007508504616872874,0.08509155420389025
IBM default,d8ri28i01fac73d4c7v0,80,Z21Z22,1.0,0.9123110151187905,0.007090984179440845,0.08768898488120946
IBM default,d8ri28i01fac73d4c7v0,80,Z22Z23,1.0,0.8504210004952947,0.009678188300563615,0.14957899950470532
IBM default,d8ri28i01fac73d4c7v0,80,Z23Z24,1.0,0.8425484490124451,0.008899121033524629,0.15745155098755492
IBM default,d8ri28i01fac73d4c7v0,80,Z24Z25,1.0,0.9386165543673116,0.005845212276889277,0.06138344563268838
IBM default,d8ri28i01fac73d4c7v0,80,Z25Z26,1.0,0.9541239025596636,0.0045718795730564695,0.04587609744033638
IBM default,d8ri28i01fac73d4c7v0,80,Z26Z27,1.0,0.9199975135202337,0.006832477274928832,0.08000248647976627
IBM default,d8ri28i01fac73d4c7v0,80,Z27Z28,1.0,0.9110958818765186,0.007555086973262888,0.08890411812348142
IBM default,d8ri28i01fac73d4c7v0,80,Z28Z29,1.0,0.9396573131363297,0.005603005782640216,0.06034268686367028
IBM default,d8ri28i01fac73d4c7v0,80,Z29Z30,1.0,0.952995163090661,0.005310772920097378,0.04700483690933899
IBM default,d8ri28i01fac73d4c7v0,80,Z30Z31,1.0,0.93516163057641,0.0059795356077033835,0.06483836942359
IBM default,d8ri28i01fac73d4c7v0,80,Z31Z32,1.0,0.9401242236024845,0.005866469734593319,0.05987577639751551
IBM default,d8ri28i01fac73d4c7v0,80,Z32Z33,1.0,0.9342667740536522,0.006385934218261661,0.06573322594634778
IBM default,d8ri28i01fac73d4c7v0,80,Z33Z34,1.0,0.9528659256039247,0.006161690769027476,0.04713407439607531
IBM default,d8ri28i01fac73d4c7v0,80,Z34Z35,1.0,0.9380267724343084,0.0051256625922037075,0.06197322756569157
IBM default,d8ri28i01fac73d4c7v0,80,Z35Z36,1.0,0.9421364985163204,0.00683200380050762,0.05786350148367958
IBM default,d8ri28i01fac73d4c7v0,80,Z36Z37,1.0,0.9382093316519546,0.008048388217561202,0.06179066834804536
IBM default,d8ri28i01fac73d4c7v0,80,Z37Z38,1.0,0.9639833185896626,0.006584726459444718,0.036016681410337426
IBM default,d8ri28i01fac73d4c7v0,80,Z38Z39,1.0,0.9452003495194108,0.006300382838052812,0.05479965048058921
IBM default,d8ri28i01fac73d4c7v0,80,Z39Z40,1.0,0.962240560140035,0.00502735981225705,0.037759439859964994
IBM default,d8ri28i01fac73d4c7v0,80,Z40Z41,1.0,0.9671589705240855,0.004791515201955466,0.032841029475914496
IBM default,d8ri28i01fac73d4c7v0,80,Z41Z42,1.0,0.7280147949748103,0.010718649893057493,0.27198520502518975
IBM default,d8ri28i01fac73d4c7v0,80,Z42Z43,1.0,0.7285687010755425,0.010053531574110658,0.2714312989244575
IBM default,d8ri28i01fac73d4c7v0,80,Z43Z44,1.0,0.9575862495362928,0.005704023074565332,0.04241375046370721
IBM default,d8ri28i01fac73d4c7v0,80,Z44Z45,1.0,0.9481701653353148,0.006346993048074672,0.05182983466468516
IBM default,d8ri28i01fac73d4c7v0,80,Z45Z46,1.0,0.9701779403558807,0.004990201112506979,0.029822059644119325
IBM default,d8ri28i01fac73d4c7v0,80,Z46Z47,1.0,0.9474950915194122,0.006836820680824828,0.05250490848058775
IBM default,d8ri28i01fac73d4c7v0,80,Z47Z48,1.0,0.9483932548520522,0.007423996514999475,0.05160674514794783
IBM default,d8ri28i01fac73d4c7v0,80,Z48Z49,1.0,0.9362179687012906,0.00683705462489418,0.06378203129870941
IBM default,d8ri28i01fac73d4c7v0,80,Z49Z50,1.0,0.9495652173913044,0.005315498789004577,0.050434782608695605
IBM default,d8ri28i01fac73d4c7v0,80,Z50Z51,1.0,0.9572649572649573,0.004927036090944143,0.042735042735042694
IBM default,d8ri28i01fac73d4c7v0,80,Z51Z52,1.0,0.9563115820784532,0.004649846295932285,0.04368841792154676
IBM default,d8ri28i01fac73d4c7v0,80,Z52Z53,1.0,0.9383054223993027,0.006336507844850119,0.0616945776006973
IBM default,d8ri28i01fac73d4c7v0,80,Z53Z54,1.0,0.9507478565617373,0.005271616983712312,0.049252143438262674
IBM default,d8ri28i01fac73d4c7v0,80,Z54Z55,1.0,0.9664328657314629,0.006841248471061499,0.03356713426853708
IBM default,d8ri28i01fac73d4c7v0,80,Z55Z56,1.0,0.9913793103448276,0.006082707813309802,0.008620689655172376
IBM default,d8ri28i01fac73d4c7v0,80,Z56Z57,1.0,0.9905916524594305,0.004247902591508337,0.009408347540569517
IBM default,d8ri28i01fac73d4c7v0,80,Z57Z58,1.0,0.9787075084049309,0.004737969518347308,0.021292491595069074
IBM default,d8ri28i01fac73d4c7v0,80,Z58Z59,1.0,0.9472239550842171,0.00532350244412226,0.052776044915782916
IBM default,d8ri28i01fac73d4c7v0,80,Z59Z60,1.0,0.9544820590845695,0.007052979827396354,0.04551794091543049
IBM default,d8ri28i01fac73d4c7v0,80,Z60Z61,1.0,0.972132701421801,0.005913445000674982,0.02786729857819903
IBM default,d8ri28i01fac73d4c7v0,80,Z61Z62,1.0,0.956074592652252,0.004904346885167824,0.04392540734774797
IBM default,d8ri28i01fac73d4c7v0,80,Z62Z63,1.0,0.9575598474904682,0.005377830764254387,0.042440152509531814
IBM default,d8ri28i01fac73d4c7v0,80,Z63Z64,1.0,0.9729797191887676,0.004408169074716956,0.027020280811232422
IBM default,d8ri28i01fac73d4c7v0,80,Z64Z65,1.0,0.9793897381939717,0.005563539333694755,0.020610261806028318
IBM default,d8ri28i01fac73d4c7v0,80,Z65Z66,1.0,0.9904761904761905,0.004483480902087751,0.00952380952380949
IBM default,d8ri28i01fac73d4c7v0,80,Z66Z67,1.0,0.9786359389598256,0.004059553921528271,0.02136406104017441
IBM default,d8ri28i01fac73d4c7v0,80,Z67Z68,1.0,0.9817297499532331,0.005581068888720764,0.018270250046766856
IBM default,d8ri28i01fac73d4c7v0,80,Z68Z69,1.0,0.9691081215744893,0.006187887858555377,0.030891878425510666
IBM default,d8ri28i01fac73d4c7v0,80,Z69Z70,1.0,0.9606563490583628,0.004549502539916198,0.039343650941637165
IBM default,d8ri28i01fac73d4c7v0,80,Z70Z71,1.0,0.9540279937791601,0.004311984552431869,0.045972006220839856
IBM default,d8ri28i01fac73d4c7v0,80,Z71Z72,1.0,0.9786572086366747,0.004410843091734346,0.021342791363325286
IBM default,d8ri28i01fac73d4c7v0,80,Z72Z73,1.0,0.9632490345085337,0.003809928072820678,0.03675096549146628
IBM default,d8ri28i01fac73d4c7v0,80,Z73Z74,1.0,0.9831875426515293,0.003602563584051809,0.0168124573484707
IBM default,d8ri28i01fac73d4c7v0,80,Z74Z75,1.0,0.9557301409153262,0.004794495790772136,0.044269859084673846
IBM default,d8ri28i01fac73d4c7v0,80,Z75Z76,1.0,0.974601373920716,0.0059926812805267725,0.025398626079284004
IBM default,d8ri28i01fac73d4c7v0,80,Z76Z77,1.0,0.9919420326066588,0.003827602097423276,0.008057967393341192
IBM default,d8ri28i01fac73d4c7v0,80,Z77Z78,1.0,0.9879234532730539,0.003656362544249112,0.012076546726946136
IBM default,d8ri28i01fac73d4c7v0,80,Z78Z79,1.0,0.9816315171006247,0.004056417913802483,0.018368482899375316
Q-CTRL,3adfcd16-fe3a-4c8a-a36d-57bbb66ef6eb,80,XXXXXXXXXXXXXXXXXXXXXXXXXXXXXXXXXXXXXXXXXXXXXXXXXXXXXXXXXXXXXXXXXXXXXXXXXXXXXXXX,1.0,0.0038,0.9999927799739357,0.9962
Q-CTRL,3adfcd16-fe3a-4c8a-a36d-57bbb66ef6eb,80,Z0Z1,1.0,0.8876,0.4606150670570819,0.11240000000000006
Q-CTRL,3adfcd16-fe3a-4c8a-a36d-57bbb66ef6eb,80,Z1Z2,1.0,0.8846,0.46635055484045473,0.11539999999999995
Q-CTRL,3adfcd16-fe3a-4c8a-a36d-57bbb66ef6eb,80,Z2Z3,1.0,0.8574,0.5146505999219275,0.14259999999999995
Q-CTRL,3adfcd16-fe3a-4c8a-a36d-57bbb66ef6eb,80,Z3Z4,1.0,0.8838,0.4678648950284686,0.11619999999999997
Q-CTRL,3adfcd16-fe3a-4c8a-a36d-57bbb66ef6eb,80,Z4Z5,1.0,0.8824,0.47049998937300735,0.11760000000000004
Q-CTRL,3adfcd16-fe3a-4c8a-a36d-57bbb66ef6eb,80,Z5Z6,1.0,0.8854,0.46482990437363225,0.11460000000000004
Q-CTRL,3adfcd16-fe3a-4c8a-a36d-57bbb66ef6eb,80,Z6Z7,1.0,0.8718,0.48986198056187213,0.12819999999999998
Q-CTRL,3adfcd16-fe3a-4c8a-a36d-57bbb66ef6eb,80,Z7Z8,1.0,0.7048,0.7094060614344933,0.2952
Q-CTRL,3adfcd16-fe3a-4c8a-a36d-57bbb66ef6eb,80,Z8Z9,1.0,0.71,0.7042016756583301,0.29000000000000004
Q-CTRL,3adfcd16-fe3a-4c8a-a36d-57bbb66ef6eb,80,Z9Z10,1.0,0.8476,0.5306356942385236,0.15239999999999998
Q-CTRL,3adfcd16-fe3a-4c8a-a36d-57bbb66ef6eb,80,Z10Z11,1.0,0.8684,0.49586433628564186,0.13160000000000005
Q-CTRL,3adfcd16-fe3a-4c8a-a36d-57bbb66ef6eb,80,Z11Z12,1.0,0.9046,0.426261469053913,0.09540000000000004
Q-CTRL,3adfcd16-fe3a-4c8a-a36d-57bbb66ef6eb,80,Z12Z13,1.0,0.908,0.4189701660023061,0.09199999999999997
Q-CTRL,3adfcd16-fe3a-4c8a-a36d-57bbb66ef6eb,80,Z13Z14,1.0,0.8886,0.45868294060276543,0.11140000000000005
Q-CTRL,3adfcd16-fe3a-4c8a-a36d-57bbb66ef6eb,80,Z14Z15,1.0,0.9072,0.42069960779634674,0.0928
Q-CTRL,3adfcd16-fe3a-4c8a-a36d-57bbb66ef6eb,80,Z15Z16,1.0,0.8794,0.47608364811238796,0.12060000000000004
Q-CTRL,3adfcd16-fe3a-4c8a-a36d-57bbb66ef6eb,80,Z16Z17,1.0,0.8772,0.48012515035144754,0.12280000000000002
Q-CTRL,3adfcd16-fe3a-4c8a-a36d-57bbb66ef6eb,80,Z17Z18,1.0,0.9204,0.39097805565018606,0.0796
Q-CTRL,3adfcd16-fe3a-4c8a-a36d-57bbb66ef6eb,80,Z18Z19,1.0,0.9278,0.3730779543205415,0.07220000000000004
Q-CTRL,3adfcd16-fe3a-4c8a-a36d-57bbb66ef6eb,80,Z19Z20,1.0,0.9254,0.37899187326379447,0.0746
Q-CTRL,3adfcd16-fe3a-4c8a-a36d-57bbb66ef6eb,80,Z20Z21,1.0,0.926,0.37752350920174477,0.07399999999999995
Q-CTRL,3adfcd16-fe3a-4c8a-a36d-57bbb66ef6eb,80,Z21Z22,1.0,0.9148,0.40390711803581786,0.08520000000000005
Q-CTRL,3adfcd16-fe3a-4c8a-a36d-57bbb66ef6eb,80,Z22Z23,1.0,0.9338,0.35779541640440293,0.06620000000000004
Q-CTRL,3adfcd16-fe3a-4c8a-a36d-57bbb66ef6eb,80,Z23Z24,1.0,0.9294,0.3690740305142045,0.0706
Q-CTRL,3adfcd16-fe3a-4c8a-a36d-57bbb66ef6eb,80,Z24Z25,1.0,0.915,0.4034538387473837,0.08499999999999996
Q-CTRL,3adfcd16-fe3a-4c8a-a36d-57bbb66ef6eb,80,Z25Z26,1.0,0.8836,0.4682425012747134,0.11639999999999995
Q-CTRL,3adfcd16-fe3a-4c8a-a36d-57bbb66ef6eb,80,Z26Z27,1.0,0.9258,0.3780137034553114,0.07420000000000004
Q-CTRL,3adfcd16-fe3a-4c8a-a36d-57bbb66ef6eb,80,Z27Z28,1.0,0.918,0.3965803827725219,0.08199999999999996
Q-CTRL,3adfcd16-fe3a-4c8a-a36d-57bbb66ef6eb,80,Z28Z29,1.0,0.9206,0.39050690134746663,0.07940000000000003
Q-CTRL,3adfcd16-fe3a-4c8a-a36d-57bbb66ef6eb,80,Z29Z30,1.0,0.8948,0.44646719924312456,0.10519999999999996
Q-CTRL,3adfcd16-fe3a-4c8a-a36d-57bbb66ef6eb,80,Z30Z31,1.0,0.92,0.39191835884530846,0.07999999999999996
Q-CTRL,3adfcd16-fe3a-4c8a-a36d-57bbb66ef6eb,80,Z31Z32,1.0,0.9004,0.43506302991635604,0.09960000000000002
Q-CTRL,3adfcd16-fe3a-4c8a-a36d-57bbb66ef6eb,80,Z32Z33,1.0,-0.4304,0.902638266416841,1.4304000000000001
Q-CTRL,3adfcd16-fe3a-4c8a-a36d-57bbb66ef6eb,80,Z33Z34,1.0,0.4736,0.8807400524558878,0.5264
Q-CTRL,3adfcd16-fe3a-4c8a-a36d-57bbb66ef6eb,80,Z34Z35,1.0,0.9024,0.4308993385931336,0.09760000000000002
Q-CTRL,3adfcd16-fe3a-4c8a-a36d-57bbb66ef6eb,80,Z35Z36,1.0,0.9094,0.41592263703722593,0.09060000000000001
Q-CTRL,3adfcd16-fe3a-4c8a-a36d-57bbb66ef6eb,80,Z36Z37,1.0,0.887,0.4617694229807772,0.11299999999999999
Q-CTRL,3adfcd16-fe3a-4c8a-a36d-57bbb66ef6eb,80,Z37Z38,1.0,0.8314,0.5556744010659479,0.16859999999999997
Q-CTRL,3adfcd16-fe3a-4c8a-a36d-57bbb66ef6eb,80,Z38Z39,1.0,0.8952,0.4456646272703275,0.1048
Q-CTRL,3adfcd16-fe3a-4c8a-a36d-57bbb66ef6eb,80,Z39Z40,1.0,0.9262,0.3770325715372612,0.07379999999999998
Q-CTRL,3adfcd16-fe3a-4c8a-a36d-57bbb66ef6eb,80,Z40Z41,1.0,0.9352,0.3541199796679084,0.06479999999999997
Q-CTRL,3adfcd16-fe3a-4c8a-a36d-57bbb66ef6eb,80,Z41Z42,1.0,0.9338,0.35779541640440293,0.06620000000000004
Q-CTRL,3adfcd16-fe3a-4c8a-a36d-57bbb66ef6eb,80,Z42Z43,1.0,0.9064,0.42242045405022705,0.09360000000000002
Q-CTRL,3adfcd16-fe3a-4c8a-a36d-57bbb66ef6eb,80,Z43Z44,1.0,0.8738,0.48628547171388947,0.12619999999999998
Q-CTRL,3adfcd16-fe3a-4c8a-a36d-57bbb66ef6eb,80,Z44Z45,1.0,0.9136,0.4066141168233096,0.08640000000000003
Q-CTRL,3adfcd16-fe3a-4c8a-a36d-57bbb66ef6eb,80,Z45Z46,1.0,0.9426,0.33392400333009914,0.05740000000000001
Q-CTRL,3adfcd16-fe3a-4c8a-a36d-57bbb66ef6eb,80,Z46Z47,1.0,0.9432,0.33222546561032895,0.05679999999999996
Q-CTRL,3adfcd16-fe3a-4c8a-a36d-57bbb66ef6eb,80,Z47Z48,1.0,0.9506,0.31041849171722996,0.0494
Q-CTRL,3adfcd16-fe3a-4c8a-a36d-57bbb66ef6eb,80,Z48Z49,1.0,0.9358,0.3525313603071364,0.06420000000000003
Q-CTRL,3adfcd16-fe3a-4c8a-a36d-57bbb66ef6eb,80,Z49Z50,1.0,0.9224,0.38623599003717923,0.0776
Q-CTRL,3adfcd16-fe3a-4c8a-a36d-57bbb66ef6eb,80,Z50Z51,1.0,0.9274,0.37407116969902926,0.0726
Q-CTRL,3adfcd16-fe3a-4c8a-a36d-57bbb66ef6eb,80,Z51Z52,1.0,0.935,0.3546477125261065,0.06499999999999995
Q-CTRL,3adfcd16-fe3a-4c8a-a36d-57bbb66ef6eb,80,Z52Z53,1.0,0.9558,0.2940176185197072,0.04420000000000002
Q-CTRL,3adfcd16-fe3a-4c8a-a36d-57bbb66ef6eb,80,Z53Z54,1.0,0.934,0.35727300485762964,0.06599999999999995
Q-CTRL,3adfcd16-fe3a-4c8a-a36d-57bbb66ef6eb,80,Z54Z55,1.0,0.7758,0.6309788902966563,0.22419999999999995
Q-CTRL,3adfcd16-fe3a-4c8a-a36d-57bbb66ef6eb,80,Z55Z56,1.0,0.757,0.6534148758637195,0.243
Q-CTRL,3adfcd16-fe3a-4c8a-a36d-57bbb66ef6eb,80,Z56Z57,1.0,0.9048,0.4258367762417895,0.09519999999999995
Q-CTRL,3adfcd16-fe3a-4c8a-a36d-57bbb66ef6eb,80,Z57Z58,1.0,0.9442,0.3293726764623925,0.05579999999999996
Q-CTRL,3adfcd16-fe3a-4c8a-a36d-57bbb66ef6eb,80,Z58Z59,1.0,0.929,0.3700797211412697,0.07099999999999995
Q-CTRL,3adfcd16-fe3a-4c8a-a36d-57bbb66ef6eb,80,Z59Z60,1.0,0.9158,0.4016346100624299,0.08420000000000005
Q-CTRL,3adfcd16-fe3a-4c8a-a36d-57bbb66ef6eb,80,Z60Z61,1.0,0.9646,0.26371734868984253,0.03539999999999999
Q-CTRL,3adfcd16-fe3a-4c8a-a36d-57bbb66ef6eb,80,Z61Z62,1.0,0.957,0.2900879177077185,0.04300000000000004
Q-CTRL,3adfcd16-fe3a-4c8a-a36d-57bbb66ef6eb,80,Z62Z63,1.0,0.9624,0.2716362273335423,0.03759999999999997
Q-CTRL,3adfcd16-fe3a-4c8a-a36d-57bbb66ef6eb,80,Z63Z64,1.0,0.9464,0.3229969659300222,0.05359999999999998
Q-CTRL,3adfcd16-fe3a-4c8a-a36d-57bbb66ef6eb,80,Z64Z65,1.0,0.952,0.30609802351534404,0.04800000000000004
Q-CTRL,3adfcd16-fe3a-4c8a-a36d-57bbb66ef6eb,80,Z65Z66,1.0,0.9372,0.3487924311105387,0.06279999999999997
Q-CTRL,3adfcd16-fe3a-4c8a-a36d-57bbb66ef6eb,80,Z66Z67,1.0,0.9308,0.3655288771082253,0.06920000000000004
Q-CTRL,3adfcd16-fe3a-4c8a-a36d-57bbb66ef6eb,80,Z67Z68,1.0,0.9414,0.33729221752065375,0.058599999999999985
Q-CTRL,3adfcd16-fe3a-4c8a-a36d-57bbb66ef6eb,80,Z68Z69,1.0,0.9652,0.2615128295132001,0.03480000000000005
Q-CTRL,3adfcd16-fe3a-4c8a-a36d-57bbb66ef6eb,80,Z69Z70,1.0,0.8526,0.522564101331119,0.14739999999999998
Q-CTRL,3adfcd16-fe3a-4c8a-a36d-57bbb66ef6eb,80,Z70Z71,1.0,0.8932,0.4496596045899609,0.1068
Q-CTRL,3adfcd16-fe3a-4c8a-a36d-57bbb66ef6eb,80,Z71Z72,1.0,0.8976,0.4408108891576977,0.10240000000000005
Q-CTRL,3adfcd16-fe3a-4c8a-a36d-57bbb66ef6eb,80,Z72Z73,1.0,0.9258,0.3780137034553114,0.07420000000000004
Q-CTRL,3adfcd16-fe3a-4c8a-a36d-57bbb66ef6eb,80,Z73Z74,1.0,0.9444,0.3287987834527372,0.05559999999999998
Q-CTRL,3adfcd16-fe3a-4c8a-a36d-57bbb66ef6eb,80,Z74Z75,1.0,0.9708,0.23989030826609076,0.029200000000000004
Q-CTRL,3adfcd16-fe3a-4c8a-a36d-57bbb66ef6eb,80,Z75Z76,1.0,0.9544,0.2985308024308379,0.045599999999999974
Q-CTRL,3adfcd16-fe3a-4c8a-a36d-57bbb66ef6eb,80,Z76Z77,1.0,0.9644,0.2644478020328395,0.035599999999999965
Q-CTRL,3adfcd16-fe3a-4c8a-a36d-57bbb66ef6eb,80,Z77Z78,1.0,0.9602,0.2793133723973843,0.03979999999999995
Q-CTRL,3adfcd16-fe3a-4c8a-a36d-57bbb66ef6eb,80,Z78Z79,1.0,0.9808,0.19501630701046505,0.019199999999999995
